,00ae07c9fe63b080181b8a6d59c6b3b6f9913938858829e5a42ab90fb72edf7a.out_converted.csv,26d1a32a2bfb4beaf986d1b798f7f9705f11d6372b56332c612e58cc470634b4.out_converted.csv,3fac250cf6bdb0bf5b1707a970bd233e86dabc0765fede8238d761fb0f27c3da.out_converted.csv,04b5e29283c60fcc255f8d2f289238430a10624e457f12f1bc866454110830a2.out_converted.csv,0dcfa54a7e8a4e631ef466670ce604a61f3b0e8b3e9cf72c943278c0f77c31a2.out_converted.csv,78f92857e18107872526feb1ae834edb9b7189df4a2129a4125a3dd8917f9983.out_converted.csv,0a4b417193f63a3cce4550e363548384eb007f89e89eb831cf1b7f5ddf230a51.out_converted.csv,0a79399c441fca30d20e79fdabdd23ae33f3e16bf9c012cd1492604a03e656bb.out_converted.csv,119fa2690a99f4b464e62d3cec04de6750633d00b0bca84ba436a1d20508a2f9.out_converted.csv,1b1a56aec5b02355b90f911cdd27a35d099690fcbeb0e0622eaea831d64014d3.out_converted.csv,240fe01d9fcce5aae311e906b8311a1975f8c1431b83618f3d11aeaff10aede3.out_converted.csv,4ed03737803160dc63a560169c3cd224d0809e8a54cd8fa6fa85fc4a911971dc.out_converted.csv,1e48915f40bfdd75fb83e79779010336320af76411b9af9f0e68d361e63a2f60.out_converted.csv,1eb236fc4728d8048cbbb94dab2215e31877ec7b6533f3720cd2156bc9192d92.out_converted.csv,20e4c4893ed1faa9a50b0a4ba5fa0062d5178b635222849eeafa53e8c5c0d8c8.out_converted.csv,24ee0e3d65b0593198fbe973a58ca54402b0879d71912f44f4b831003a5c7819.out_converted.csv,2c98b196a51f737f29689d16abeea620b0acfa6380bdc8e94a7a927477d81e3a.out_converted.csv,564a666d0a7efc39c9d53f5c6c4d95d5f7f6b7bff2dc9aa3c871f8c49650a99b.out_converted.csv,2d6b53b1feb2ff94f2cf1ba443ae4aa81dca82fe7c9f6c8b859921997eb5cf70.out_converted.csv,3144e5eb401f51f957f6821c201d5135f8627bbf2dab054d962fceaca45b3a04.out_converted.csv,329255e33f43e6e9ae5d5efd6f5c5745c35a30d42fb5099beb51a6e40fe9bd76.out_converted.csv,4289ba60e1852a9d5ef1b4fb04be8e918148f7b3fe04fe371371f09a36efee00.out_converted.csv,4d2289d8feff37ed18063641a91c6a0ad613fcc0df31d131edfd2303fc369344.out_converted.csv,56e0174d76d82a1c6c127044bb85f696ef4842a140798b398691af6fa51b48f0.out_converted.csv,741af7d54a95dd3b4497c73001e7b2ba1f607d19d63068b611505f9ce14c7776.out_converted.csv,c7e39dfd0f42a9a8254bca7c4c20c393dce022fcb011fe7170af1538767d620f.out_converted.csv,efa875506296d77178884ba8ac68a8b6d6aef24e79025359cf5259669396e8dd.out_converted.csv
0,0d7960a39b92dad88986deea6e5861bd00fb301e92d550c232aebb36ed010e46.out_converted.csv,f414ae8a6c2e908d9f3408cba59423b1e67f2506bac0465acbdaa771e1c77286.out_converted.csv,a796c302688bee0f9b78a723caca6e335081e8b87b19a7427593c1fee1fe10dd.out_converted.csv,346599bff197dc24dba9875c1b765c160881919c3582dc0fae99c4c2cf5c8836.out_converted.csv,53046ec20ff41109e92ae74a5d9ea300d01c07d08fff936f2c7f527cae6384ec.out_converted.csv,fabfb91bec618ce6fc7d83331e6d01ff3256ef60e11a76dd3a7306442fb22f80.out_converted.csv,9937981d8395aea21c6c3ecabc1e35a195428e7d0d3a9f569b15e2f5f4c26b41.out_converted.csv,c968b1bd582ec034f35b9a924a699e2939e2e9f4402b0e8c9f27ea7576b00d11.out_converted.csv,ad881621a630f16d4ae2f3b85f4707dcc7043ae675af878b89f2b571413ef40f.out_converted.csv,1f1bf32f553b925963485d8bb8cc3f0344720f9e67100d610d9e3f5f6bc002a1.out_converted.csv,3ff6b4287e49a01724626a9e11adceee7a478aa5e5778ec139a3f9011a02f3af.out_converted.csv,9e7902cfe3090cd8635af3c04de8f8510db26fb56b060060daede7dc5306f40e.out_converted.csv,c34523bce4a4730a1ce69a4ef0c961db845c43b17a8457b9e79c02914c1874de.out_converted.csv,cce483b56b8e8a972f591466656dcc6c5574323c7a844d001da62522143db574.out_converted.csv,47a4ca5b1b6a2c0c7914b342f668b860041ec826d2ac85825389dba363797431.out_converted.csv,a3a6f6af9047ef527a89445c2cf297e6dd0828f1ddd6d97bf4bb9ed799a738bb.out_converted.csv,3ffc2327a5dd17978f62c44807e5bf9904bcdef222012a11e48801faf6861a67.out_converted.csv,aaf6ad951a8f36bd6f84d0387b9a17e3702068b4955e23bdacf5b4c17fd6cd2d.out_converted.csv,f123c0bf13d3b153e86a14e6fba58e2aee14f88ed493954b0dc556d3a700195f.out_converted.csv,3dc67f187f2a9f403ddd754f26ea630a67e37e756ed7c99677de1575e34f0bea.out_converted.csv,,ed5557ed8c1450c30212bcd9486f2696bd9fc3fb3091e23ef55eff755a063719.out_converted.csv,524cd97417da8bd456169ae6f678fbb553965634df5bbb8329c0f264a0cdbeb9.out_converted.csv,,ee0e8516bfc431cb103f16117b9426c79263e279dc46bece5d4b96ddac9a5e90.out_converted.csv,fadc69995b9f837837595d73be8dce1bbccf0b709d0d8bb2cadf1c90b46763cf.out_converted.csv,efacd163027d6db6009c7363eb2af62b588258789735352adcbc672cd412c7c1.out_converted.csv
1,2d39779ad930fe8c1f181285a8cd5a57f23cc871e1716a201206c8499cf4b9af.out_converted.csv,,,64ef1e8134f02ab53f0fb2c3e8fde3cd1f4186635643bfbda6db7d00fd2a4881.out_converted.csv,a6d79e8de33e14b22fae06d4db8a3a93a606707f83a1aa367af04f516dcc1577.out_converted.csv,,,,,39c33c261899f2cb91f686aa6da234175237cd72cfcd9291a6e51cbdc86d4def.out_converted.csv,851787bf4039d365178a16018edec430dd4a0d001c9c9c4cb68f8b73bf0c4d02.out_converted.csv,,,,,,9e8e79637b5d21c7e3500345da26a2a15f77034623f6d711967b3750417f7ce5.out_converted.csv,,,e808760ffb94d970fb9a224c3e1093e5c8999dd736936d6290b28741abc9c81f.out_converted.csv,,,,,,,
2,8b44e74ab90b411576e99868cb6ad522ea06d62e4312ed2064a7dd72860063f6.out_converted.csv,,,c36050a2036ff0a1b42f9beb667914046a16071dfb6675424a56ea3874c686ff.out_converted.csv,,,,,,4309d17a3e2376639026494a47c5d4a68f481f1ab0eea5104cb58c5412e290ff.out_converted.csv,b86fa7422710bfb569986f8a4778f1614837acc754f105b7d90608a03ea7cbd6.out_converted.csv,,,,,,cb8799e04b6a2f7070910c70b066c44042fb739c461f2dd2a02011eb4fdfdfea.out_converted.csv,,,,,,,,,,
3,fbba7bc092f8f36da650dde4e3b1af6f6ac656f054bfb20738b2f864bceb4d5a.out_converted.csv,,,,,,,,,5baf025c571ba362170e8d1767afe4f7adccbb4524874015fa9add308ccc203a.out_converted.csv,,,,,,,,,,,,,,,,,
4,,,,,,,,,,912f27b311f90e81c135f2d363e06db44aaf4067501971703c6335e85a26e8bb.out_converted.csv,,,,,,,,,,,,,,,,,
5,,,,,,,,,,a663c9cc2631de038106da41912cf7144a3e67a5faa783413172b0536a88c6f0.out_converted.csv,,,,,,,,,,,,,,,,,
6,,,,,,,,,,e3f90c676c4945fa685e6d61689d8dfb8cb4a496816b76b1eff12f63861c217c.out_converted.csv,,,,,,,,,,,,,,,,,
7,,,,,,,,,,fe377368c04b3b3fcd54968397a878ba5254f13af6e824732e9cfc23983b57bb.out_converted.csv,,,,,,,,,,,,,,,,,
,,,,,,,,,,,,,,,,,,,,,,,,,,,
,,,,,,,,,,,,,,,,,,,,,,,,,,,
,,,,,,,,,,,,,,,,,,,,,,,,,,,
,,,,,,,,,,,,,,,,,,,,,,,,,,,
,,,,,,,,,,,,,,,,,,,,,,,,,,,
,openat,openat,openat,openat,openat,openat,readlink,openat,openat,getgid,getgid,getgid,openat,writev,openat,openat,openat,openat,openat,readlink,,writev,read,,openat,openat,open
,stat,stat,stat,stat,stat,stat,mmap2,stat,stat,writev,writev,writev,stat,clone,stat,stat,stat,stat,read,mmap2,,readlink,clone,,tgkill,read,exit_group
,read,sendmmsg,read,read,read,read,munmap,read,writev,readv,ioctl,readv,read,futex,writev,read,munlock,munlock,clone,munmap,,mmap2,futex,,read,getdents,set_tid_address
,futex,read,futex,futex,getdents,clone,exit_group,clone,exit_group,ioctl,geteuid,ioctl,flock,connect,exit_group,futex,read,read,futex,ioctl,,munmap,setsockopt,,clone,brk,close
,access,futex,access,getegid,brk,getdents,set_tid_address,access,access,geteuid,getegid,geteuid,futex,brk,access,access,futex,futex,access,read,,read,connect,,futex,mprotect,unlink
,lseek,clone,lseek,clone,mprotect,brk,close,brk,brk,getegid,set_tid_address,getegid,getegid,bind,brk,brk,access,access,connect,exit_group,,ioctl,brk,,setsockopt,ioctl,getpid
,brk,access,brk,getdents,write,mprotect,open,mprotect,,set_tid_address,close,set_tid_address,access,mprotect,,mprotect,lseek,lseek,fstatat,set_tid_address,,exit_group,bind,,connect,set_tid_address,prctl
,mprotect,lseek,mprotect,brk,epoll_create1,rt_sigreturn,mprotect,write,,close,getuid,close,lseek,ioctl,,set_robust_list,brk,brk,getdents,close,,set_tid_address,mprotect,,readlinkat,rt_sigprocmask,arch_prctl
,set_robust_list,setsockopt,set_robust_list,mprotect,set_tid_address,ioctl,arch_prctl,wait4,,getuid,open,getuid,clone,set_tid_address,,set_tid_address,mprotect,mprotect,brk,fstat,,close,rt_sigreturn,,fstatat,uname,
,write,connect,write,rt_sigreturn,rt_sigprocmask,write,,set_tid_address,,open,brk,open,setsockopt,rt_sigprocmask,,getuid,set_robust_list,set_robust_list,mprotect,open,,fstat,epoll_wait,,rt_sigreturn,arch_prctl,
,set_tid_address,brk,set_tid_address,ioctl,pipe2,epoll_create1,,getuid,,brk,arch_prctl,brk,connect,arch_prctl,,rt_sigprocmask,mlock,mlock,set_robust_list,brk,,open,ioctl,,write,mmap2,
,rt_sigprocmask,bind,rt_sigprocmask,write,unlink,epoll_ctl,,rt_sigprocmask,,arch_prctl,,arch_prctl,fstatat,mmap2,,arch_prctl,write,write,epoll_wait,mprotect,,brk,write,,epoll_pwait,readlink,
,arch_prctl,mprotect,arch_prctl,epoll_create1,uname,set_tid_address,,pipe2,,,,,getdents,munmap,,mmap2,set_tid_address,set_tid_address,write,arch_prctl,,mprotect,epoll_create1,,epoll_create1,fcntl,
,mmap2,rt_sigreturn,mmap2,epoll_ctl,prctl,rt_sigprocmask,,uname,,,,,brk,fcntl,,prlimit64,socketpair,socketpair,epoll_create1,,,arch_prctl,epoll_ctl,,epoll_ctl,faccessat,
,readlink,set_robust_list,readlink,set_tid_address,arch_prctl,setsid,,execve,,,,,bind,socket,,poll,lstat,lstat,epoll_ctl,,,,getsockopt,,getsockopt,close,
,prlimit64,epoll_wait,prlimit64,getuid,clock_getres,pipe2,,arch_prctl,,,,,mprotect,poll,,close,rt_sigprocmask,rt_sigprocmask,set_tid_address,,,,set_tid_address,,getsockname,sched_setaffinity,
,close,ioctl,close,rt_sigprocmask,mmap2,uname,,mmap2,,,,,dup2,close,,getpid,unlink,unlink,clock_gettime,,,,setpriority,,getpeername,sched_getaffinity,
,rt_sigaction,write,rt_sigaction,setsid,readlink,arch_prctl,,getppid,,,,,rt_sigreturn,recvfrom,,rt_sigaction,mkdir,mkdir,rt_sigprocmask,,,,rt_sigprocmask,,rt_sigprocmask,exit_group,
,exit_group,epoll_create1,exit_group,pipe2,munmap,clock_getres,,close,,,,,ioctl,nanosleep,,fstat,arch_prctl,arch_prctl,getrlimit,,,,pipe2,,pipe2,fstat,
,fstat,epoll_ctl,fstat,uname,fcntl,mmap2,,getpid,,,,,fork,sendto,,,mmap2,mmap2,setsid,,,,arch_prctl,,uname,open,
,,getsockopt,,arch_prctl,eventfd2,readlink,,rt_sigaction,,,,,write,sched_getaffinity,,,munmap,munmap,pipe2,,,,clock_getres,,arch_prctl,,
,,set_tid_address,,clock_getres,faccessat,fcntl,,exit_group,,,,,pipe,fstat,,,fcntl,fcntl,uname,,,,mmap2,,mmap2,,
,,getsockname,,mmap2,close,socket,,fstat,,,,,epoll_pwait,open,,,prlimit64,prlimit64,arch_prctl,,,,fcntl,,fcntl,,
,,rt_sigprocmask,,fcntl,sched_setaffinity,eventfd2,,,,,,,epoll_create1,,,,close,close,clock_getres,,,,socket,,socket,,
,,setsid,,prlimit64,rt_sigaction,faccessat,,,,,,,epoll_ctl,,,,getpid,getpid,mmap2,,,,eventfd2,,close,,
,,pipe2,,geteuid,sched_getaffinity,close,,,,,,,getsockopt,,,,rt_sigaction,rt_sigaction,readlink,,,,poll,,getpid,,
,,uname,,socket,exit_group,sched_setaffinity,,,,,,,set_tid_address,,,,exit_group,exit_group,munmap,,,,close,,nanosleep,,
,,arch_prctl,,eventfd2,fstat,rt_sigaction,,,,,,,wait4,,,,fstat,fstat,fcntl,,,,recvfrom,,rt_sigaction,,
,,clock_getres,,faccessat,open,sched_getaffinity,,,,,,,getuid,,,,sysinfo,sysinfo,socket,,,,nanosleep,,gettid,,
,,mmap2,,close,,exit_group,,,,,,,lstat,,,,,,eventfd2,,,,sendto,,sigaltstack,,
,,readlink,,sched_setaffinity,,chdir,,,,,,,rt_sigprocmask,,,,,,faccessat,,,,rt_sigaction,,sched_getaffinity,,
,,munmap,,getgid,,fstat,,,,,,,setresuid,,,,,,close,,,,readv,,fstat,,
,,recvmsg,,rt_sigaction,,,,,,,,,setsid,,,,,,time,,,,sched_getaffinity,,sched_yield,,
,,prlimit64,,sched_getaffinity,,,,,,,,,pipe2,,,,,,sched_setaffinity,,,,fstat,,,,
,,socket,,exit_group,,,,,,,,,unlink,,,,,,rt_sigaction,,,,open,,,,
,,eventfd2,,chdir,,,,,,,,,uname,,,,,,open,,,,,,,,
,,poll,,fstat,,,,,,,,,execve,,,,,,sched_getaffinity,,,,,,,,
,,close,,open,,,,,,,,,arch_prctl,,,,,,exit_group,,,,,,,,
,,recvfrom,,,,,,,,,,,clock_getres,,,,,,chdir,,,,,,,,
,,nanosleep,,,,,,,,,,,mmap2,,,,,,fstat,,,,,,,,
,,sendto,,,,,,,,,,,getppid,,,,,,sysinfo,,,,,,,,
,,rt_sigaction,,,,,,,,,,,fcntl,,,,,,,,,,,,,,
,,exit_group,,,,,,,,,,,prlimit64,,,,,,,,,,,,,,
,,chdir,,,,,,,,,,,geteuid,,,,,,,,,,,,,,
,,fstat,,,,,,,,,,,socket,,,,,,,,,,,,,,
,,,,,,,,,,,,,eventfd2,,,,,,,,,,,,,,
,,,,,,,,,,,,,poll,,,,,,,,,,,,,,
,,,,,,,,,,,,,faccessat,,,,,,,,,,,,,,
,,,,,,,,,,,,,close,,,,,,,,,,,,,,
,,,,,,,,,,,,,getpid,,,,,,,,,,,,,,
,,,,,,,,,,,,,recvfrom,,,,,,,,,,,,,,
,,,,,,,,,,,,,sched_setaffinity,,,,,,,,,,,,,,
,,,,,,,,,,,,,getgid,,,,,,,,,,,,,,
,,,,,,,,,,,,,sendto,,,,,,,,,,,,,,
,,,,,,,,,,,,,rt_sigaction,,,,,,,,,,,,,,
,,,,,,,,,,,,,gettid,,,,,,,,,,,,,,
,,,,,,,,,,,,,sched_getaffinity,,,,,,,,,,,,,,
,,,,,,,,,,,,,exit_group,,,,,,,,,,,,,,
,,,,,,,,,,,,,chdir,,,,,,,,,,,,,,
,,,,,,,,,,,,,fstat,,,,,,,,,,,,,,
,,,,,,,,,,,,,setresgid,,,,,,,,,,,,,,
,,,,,,,,,,,,,open,,,,,,,,,,,,,,
