,00ae07c9fe63b080181b8a6d59c6b3b6f9913938858829e5a42ab90fb72edf7a.out_files.csv,04b5e29283c60fcc255f8d2f289238430a10624e457f12f1bc866454110830a2.out_files.csv,0a4b417193f63a3cce4550e363548384eb007f89e89eb831cf1b7f5ddf230a51.out_files.csv,0a79399c441fca30d20e79fdabdd23ae33f3e16bf9c012cd1492604a03e656bb.out_files.csv,0b1c49ec2d53c4af21a51a34d9aa91e76195ceb442480468685418ba8ece1ba6.out_files.csv,119fa2690a99f4b464e62d3cec04de6750633d00b0bca84ba436a1d20508a2f9.out_files.csv,1384790107a5f200cab9593a39d1c80136762b58d22d9b3f081c91d99e5d0376.out_files.csv,1736d6feaa80ee3c7d072a6db7ae5e7ee63c1a10314e46ab46b1a2477063de60.out_files.csv,1a796f26d5d9cc76978ecaa0ef63e603a47722545fa1e6939bd85144edcebe86.out_files.csv,1b1a56aec5b02355b90f911cdd27a35d099690fcbeb0e0622eaea831d64014d3.out_files.csv,1e48915f40bfdd75fb83e79779010336320af76411b9af9f0e68d361e63a2f60.out_files.csv,1eb236fc4728d8048cbbb94dab2215e31877ec7b6533f3720cd2156bc9192d92.out_files.csv,206cc0d26617057196f1e3e8903597fd0b234c9f945263fad9ac6b1686c71d21.out_files.csv,20e4c4893ed1faa9a50b0a4ba5fa0062d5178b635222849eeafa53e8c5c0d8c8.out_files.csv,24ee0e3d65b0593198fbe973a58ca54402b0879d71912f44f4b831003a5c7819.out_files.csv,2c98b196a51f737f29689d16abeea620b0acfa6380bdc8e94a7a927477d81e3a.out_files.csv,2d6b53b1feb2ff94f2cf1ba443ae4aa81dca82fe7c9f6c8b859921997eb5cf70.out_files.csv,2f85ca8f89dfb014b03afb11e5d2198a8adbae1da0fd76c81c67a81a80bf1965.out_files.csv,3144e5eb401f51f957f6821c201d5135f8627bbf2dab054d962fceaca45b3a04.out_files.csv,329255e33f43e6e9ae5d5efd6f5c5745c35a30d42fb5099beb51a6e40fe9bd76.out_files.csv,4289ba60e1852a9d5ef1b4fb04be8e918148f7b3fe04fe371371f09a36efee00.out_files.csv,4d2289d8feff37ed18063641a91c6a0ad613fcc0df31d131edfd2303fc369344.out_files.csv,56e0174d76d82a1c6c127044bb85f696ef4842a140798b398691af6fa51b48f0.out_files.csv,5c03ff30ccffc9d36c342510c7469682d3c411654ec52b0930d37a6c6aab9f72.out_files.csv,63f3245f84f7f2931d1586bc35051d26398590aaf71a071597b3662ffc3f24fb.out_files.csv,6734f3e911fadf340fc0aa4f8f55c15c8936c61f9b0e38bdfe9dde561cf09fa9.out_files.csv,83c771f927a0a5faf6f6acd88ed9db800b993f25df22468b394725bd4cca4fcf.out_files.csv,89a269943b201401b50356a4284cfda4d6689f63811853f46a16f947621d3bb3.out_files.csv,91d17b654a7658dfdd75fcb9191395e4992d43ea38585eba8ff5c21e78b5e017.out_files.csv,9a7e8ed9621c08964bd20eb8a95fbe9853e12ebc613c37f53774b17a2cbe9100.out_files.csv,9cb463404a95bc04ade046fe59e089c5c52fc4e0b2ab0e070f3c38a606518f32.out_files.csv,9f059b341ac4e2e00ab33130fea5da4b1390f980d3db607384d87e736f30273e.out_files.csv,9f20d2cf098609450792723a4410c6887fdaa00e53f207671fcf1eb22d9fb008.out_files.csv,a8fd2b696d0d819b13ccfac61686eea8a0638e67df3e3e869fbc95507d22b6ec.out_files.csv,b2617562e8abe0ed490725e51626cb5330d4e1c8a9b128e30958732bd96a77a8.out_files.csv,c7e39dfd0f42a9a8254bca7c4c20c393dce022fcb011fe7170af1538767d620f.out_files.csv,caa114893cf5cb213b39591bbcb72f66ee4519be07269968e714a8d3f24c3382.out_files.csv,ccf42d518702e99217f6f0b8c2976170467d4cab68baae81c46bcbe524030702.out_files.csv,d1a95861c6b9836c0c3d8868019054931d1339ae896ad11575e99d91a358696d.out_files.csv,d1b43124cbb766c5b1c750bdd4651336148cef6ee69f01120ced872651534011.out_files.csv,dac55f4d3f7442389b76fa8875141919b65f198c11cdfb529f3f1fdae35c7828.out_files.csv,df8262a8a7208da235127a10b07fa9b87de71eb2cc9667899da60ad255a90c76.out_files.csv,e57fedf64ad5b0092894d3e057004a03c2de28d39e66753582ab6cf1b63f24d7.out_files.csv,efa875506296d77178884ba8ac68a8b6d6aef24e79025359cf5259669396e8dd.out_files.csv
0,/lib64/x86_64/x86_64/libpthread.so.0,/sys/bus/cpu/devices/cpu0/cache/index3/shared_cpu_map,/proc/self/exe,/lib64/x86_64/libresolv.so.2,,/usr/lib64/tls/x86_64/x86_64/libssl.so.1.1,,,,config.txt,/proc/101/stat,/etc/hosts,,/lib64/x86_64/libzmq.so.5,/lib64/libpthread.so.0,/home/ubuntu/build/monero/contrib/depends/x86_64-linux-gnu/etc/openssl/openssl.cnf,sys/devices/virtual/dmi/id/product_serial,,/root/config.json,/lib64/x86_64/x86_64/libpthread.so.0,/proc/self/exe,/dev/null,/etc/hosts,,,,,,,,,,,,,/sys/bus/cpu/devices/cpu0/cache/index3/shared_cpu_map,,,,,,,,/tmp/.X11-unix/22
1,/etc/localtime,/sys/bus/cpu/devices/cpu0/cache/index0/size,,/lib64/tls/libresolv.so.2,,/usr/lib64/tls/libssl.so.1.1,,,,pools.txt,/sys/bus/cpu/devices/cpu0/cache/index0/size,/etc/localtime,,/usr/lib64/x86_64/x86_64/libzmq.so.5,/lib64/x86_64/librt.so.1,/etc/localtime,sys/bus/cpu/devices,,/etc/localtime,/lib64/x86_64/libpthread.so.0,/root/config.json,/etc/hosts,/etc/nsswitch.conf,,,,,,,,,,,,,/sys/bus/cpu/devices/cpu0/cache/index0/size,,,,,,,,
2,/lib64/x86_64/libpthread.so.0,/sys/devices/virtual/dmi/id/bios_date,,/etc/ld.so.cache,,/lib64/libssl.so.1.1,,,,/usr/local/ssl/openssl.cnf,/lib64/tls/libresolv.so.2,/etc/resolv.conf,,/lib64/libzmq.so.5,/usr/lib64/x86_64/libstdc++.so.6,/lib64/libm.so.6,proc/hwloc-nofile-info,,/dev/urandom,/etc/ld.so.cache,/dev/urandom,/etc/resolv.conf,/etc/resolv.conf,,,,,,,,,,,,,/sys/devices/virtual/dmi/id/bios_date,,,,,,,,
3,/lib64/libm.so.6,/sys/bus/cpu/devices/cpu0/cache/index1/shared_cpu_map,,/lib64/tls/x86_64/libresolv.so.2,,/usr/lib64/libssl.so.1.1,,,,,/proc/39/cmdline,,,/etc/ld.so.cache,/lib64/tls/x86_64/librt.so.1,/etc/ld.so.cache,sys/bus/cpu/devices/cpu0/cache/index3/coherency_line_size,,,/lib64/libpthread.so.0,/root/.xmrig.json,,,,,,,,,,,,,,,/sys/bus/cpu/devices/cpu0/cache/index0/coherency_line_size,,,,,,,,
4,/etc/ld.so.cache,/sys/devices/virtual/dmi/id/board_name,,/lib64/tls/x86_64/x86_64/libresolv.so.2,,/usr/lib64/tls/x86_64/libssl.so.1.1,,,,,/sys/bus/cpu/devices/cpu0/cache/index2/size,,,/usr/lib64/tls/x86_64/x86_64/libzmq.so.5,/lib64/libm.so.6,/root/.bitmonero/lmdb/data.mdb,sys/bus/cpu/devices/cpu0/topology/book_siblings,,,/lib64/tls/libpthread.so.0,/root/.config/xmrig.json,,,,,,,,,,,,,,,/sys/devices/virtual/dmi/id/bios_version,,,,,,,,
5,/lib64/libpthread.so.0,/sys/bus/cpu/devices/cpu0/topology/die_cpus,,/lib64/x86_64/x86_64/libresolv.so.2,,/etc/ld.so.cache,,,,,/proc/13/cmdline,,,/lib64/tls/x86_64/libzmq.so.5,/usr/lib64/x86_64/x86_64/libstdc++.so.6,/lib64/tls/x86_64/x86_64/libm.so.6,sys/devices/virtual/dmi/id/product_name,,,/lib64/tls/x86_64/x86_64/libpthread.so.0,,,,,,,,,,,,,,,,/sys/devices/virtual/dmi/id/board_name,,,,,,,,
6,/root/config.json,/sys/bus/cpu/devices/cpu0/cache/index3/level,,/lib64/libc.so.6,,/lib64/tls/x86_64/libssl.so.1.1,,,,,/sys/bus/cpu/devices/cpu0/cache/index2/physical_line_partition,,,/usr/lib64/tls/x86_64/libzmq.so.5,/lib64/libgcc_s.so.1,/lib64/libpthread.so.0,sys/devices/virtual/dmi/id/bios_date,,,/lib64/tls/x86_64/libpthread.so.0,,,,,,,,,,,,,,,,/sys/bus/cpu/devices/cpu0/topology/die_cpus,,,,,,,,
7,/lib64/tls/libpthread.so.0,/sys/bus/cpu/devices/cpu0/topology/thread_siblings,,/lib64/libresolv.so.2,,/lib64/tls/x86_64/x86_64/libssl.so.1.1,,,,,/proc/58/cmdline,,,/usr/lib64/x86_64/libzmq.so.5,/lib64/libc.so.6,/sys/dev/block/254:0/queue/rotational,sys/bus/cpu/devices/cpu0/cache/index1/level,,,/lib64/libc.so.6,,,,,,,,,,,,,,,,/sys/bus/cpu/devices/cpu0/cache/index3/level,,,,,,,,
8,/lib64/tls/x86_64/x86_64/libpthread.so.0,/sys/devices/virtual/dmi/id/sys_vendor,,,,/usr/lib64/x86_64/libssl.so.1.1,,,,,/etc/resolv.conf,,,/lib64/x86_64/x86_64/libzmq.so.5,/lib64/tls/x86_64/x86_64/librt.so.1,/dev/urandom,sys/bus/cpu/devices/cpu0/cache/index7/shared_cpu_map,,,,,,,,,,,,,,,,,,,/sys/bus/cpu/devices/cpu0/topology/thread_siblings,,,,,,,,
9,/lib64/tls/x86_64/libpthread.so.0,/sys/devices/virtual/dmi/id/board_version,,,,/lib64/x86_64/libssl.so.1.1,,,,,/sys/bus/cpu/devices/cpu0/cache/index1/level,,,/lib64/tls/libzmq.so.5,/usr/lib64/libstdc++.so.6,/lib64/tls/x86_64/libm.so.6,sys/bus/cpu/devices/cpu0/cache/index0/number_of_sets,,,,,,,,,,,,,,,,,,,/sys/devices/virtual/dmi/id/board_version,,,,,,,,
10,/lib64/libc.so.6,/sys/bus/cpu/devices/cpu0/cache/index2/size,,,,/usr/lib64/x86_64/x86_64/libssl.so.1.1,,,,,/proc/29/cmdline,,,/usr/lib64/libzmq.so.5,/usr/lib64/tls/libstdc++.so.6,/lib64/x86_64/x86_64/libm.so.6,sys/bus/cpu/devices/cpu0/topology/thread_siblings,,,,,,,,,,,,,,,,,,,/sys/bus/cpu/devices/cpu0/cache/index2/size,,,,,,,,
11,,/sys/bus/cpu/devices/cpu0/cache/index5/shared_cpu_map,,,,/lib64/x86_64/x86_64/libssl.so.1.1,,,,,/proc/37/cmdline,,,/lib64/tls/x86_64/x86_64/libzmq.so.5,/dev/urandom,/lib64/tls/libm.so.6,/proc/mounts,,,,,,,,,,,,,,,,,,,/sys/bus/cpu/devices/cpu0/cache/index5/shared_cpu_map,,,,,,,,
12,,/sys/devices/virtual/dmi/id/product_version,,,,/lib64/tls/libssl.so.1.1,,,,,/sys/bus/cpu/devices/cpu0/topology/physical_package_id,,,/usr/lib64/tls/libzmq.so.5,/usr/lib64/tls/x86_64/x86_64/libstdc++.so.6,/lib64/x86_64/libm.so.6,sys/bus/cpu/devices/cpu0/cache/index0/shared_cpu_map,,,,,,,,,,,,,,,,,,,/sys/devices/virtual/dmi/id/product_version,,,,,,,,
13,,/sys/bus/cpu/devices/cpu0/cache/index2/physical_line_partition,,,,,,,,,/etc/hosts,,,,/etc/ld.so.cache,/lib64/libc.so.6,sys/devices/virtual/dmi/id/chassis_asset_tag,,,,,,,,,,,,,,,,,,,/sys/bus/cpu/devices/cpu0/cache/index2/physical_line_partition,,,,,,,,
14,,/sys/bus/cpu/devices/cpu0/topology/core_id,,,,,,,,,/proc/17/cmdline,,,,/lib64/libstdc++.so.6,/root/analyzed_bin.log,/sys/devices/system/cpu/possible,,,,,,,,,,,,,,,,,,,/sys/bus/cpu/devices/cpu0/cache/index2/shared_cpu_map,,,,,,,,
15,,/sys/bus/cpu/devices/cpu0/cache/index2/shared_cpu_map,,,,,,,,,/proc/32/cmdline,,,,/lib64/librt.so.1,,proc/meminfo,,,,,,,,,,,,,,,,,,,/sys/bus/cpu/devices/cpu0/cache/index6/shared_cpu_map,,,,,,,,
16,,/sys/bus/cpu/devices/cpu0/cache/index6/shared_cpu_map,,,,,,,,,/proc/8/stat,,,,/usr/lib64/tls/x86_64/libstdc++.so.6,,sys/bus/cpu/devices/cpu0/cache/index3/size,,,,,,,,,,,,,,,,,,,/sys/bus/cpu/devices/cpu0/topology/core_id,,,,,,,,
17,,/sys/devices/virtual/dmi/id,,,,,,,,,/proc/8/cmdline,,,,/lib64/x86_64/x86_64/librt.so.1,,sys/bus/cpu/devices/cpu0/cache/index2/level,,,,,,,,,,,,,,,,,,,/sys/devices/virtual/dmi/id,,,,,,,,
18,,/proc/mounts,,,,,,,,,/proc/141/cmdline,,,,/lib64/tls/librt.so.1,,sys/devices/virtual/dmi/id/board_serial,,,,,,,,,,,,,,,,,,,/proc/mounts,,,,,,,,
19,,/sys/bus/cpu/devices/cpu0/cache/index1/level,,,,,,,,,/sys/devices/virtual/dmi/id/chassis_serial,,,,,,sys/devices/virtual/dmi/id/chassis_vendor,,,,,,,,,,,,,,,,,,,/sys/bus/cpu/devices/cpu0/cache/index1/level,,,,,,,,
20,,/sys/devices/system/cpu/possible,,,,,,,,,/sys/bus/cpu/devices/cpu0/cache/index3/coherency_line_size,,,,,,sys/bus/cpu/devices/cpu0/cache/index3/number_of_sets,,,,,,,,,,,,,,,,,,,/sys/devices/system/cpu/possible,,,,,,,,
21,,/sys/bus/cpu/devices/cpu0/cache/index3/number_of_sets,,,,,,,,,/proc/138/stat,,,,,,sys/bus/cpu/devices/cpu0/cache/index0/type,,,,,,,,,,,,,,,,,,,/sys/bus/cpu/devices/cpu0/cache/index3/number_of_sets,,,,,,,,
22,,/sys/bus/cpu/devices/cpu0/topology/physical_package_id,,,,,,,,,/proc/12/stat,,,,,,sys/bus/cpu/devices/cpu0/cache/index3/level,,,,,,,,,,,,,,,,,,,/sys/bus/cpu/devices/cpu0/topology/physical_package_id,,,,,,,,
23,,/sys/bus/cpu/devices/cpu0/cache/index8/shared_cpu_map,,,,,,,,,/proc/33/stat,,,,,,sys/bus/cpu/devices/cpu0/cache/index9/shared_cpu_map,,,,,,,,,,,,,,,,,,,/sys/bus/cpu/devices/cpu0/cache/index8/shared_cpu_map,,,,,,,,
24,,/sys/devices/virtual/dmi/id/chassis_asset_tag,,,,,,,,,/proc/139/cmdline,,,,,,sys/devices/virtual/dmi/id/board_name,,,,,,,,,,,,,,,,,,,/sys/devices/virtual/dmi/id/chassis_asset_tag,,,,,,,,
25,,/sys/devices/virtual/dmi/id/product_uuid,,,,,,,,,/sys/devices/virtual/dmi/id/product_name,,,,,,sys/bus/cpu/devices/cpu0/cache/index1/shared_cpu_map,,,,,,,,,,,,,,,,,,,/sys/devices/virtual/dmi/id/product_uuid,,,,,,,,
26,,/sys/bus/cpu/devices/cpu0/cache/index2/coherency_line_size,,,,,,,,,/proc/35/stat,,,,,,sys/bus/cpu/devices/cpu0/online,,,,,,,,,,,,,,,,,,,/sys/bus/cpu/devices/cpu0/cache/index2/coherency_line_size,,,,,,,,
27,,/sys/devices/virtual/dmi/id/bios_vendor,,,,,,,,,/sys/bus/cpu/devices/cpu0/cache/index2/level,,,,,,sys/bus/cpu/devices/cpu0/cache/index0/size,,,,,,,,,,,,,,,,,,,/sys/devices/virtual/dmi/id/bios_vendor,,,,,,,,
28,,/sys/bus/cpu/devices/cpu0/cache/index0/type,,,,,,,,,/proc/142/stat,,,,,,sys/bus/cpu/devices/cpu0/cache/index2/physical_line_partition,,,,,,,,,,,,,,,,,,,/sys/bus/cpu/devices/cpu0/cache/index0/type,,,,,,,,
29,,/sys/bus/cpu/devices/cpu0/topology/core_siblings,,,,,,,,,/proc/20/cmdline,,,,,,sys/bus/cpu/devices/cpu0/topology/core_siblings,,,,,,,,,,,,,,,,,,,/sys/bus/cpu/devices/cpu0/topology/core_siblings,,,,,,,,
30,,/sys/bus/cpu/devices/cpu0/cache/index0/level,,,,,,,,,/proc/36/stat,,,,,,sys/devices/virtual/dmi/id/board_asset_tag,,,,,,,,,,,,,,,,,,,/sys/bus/cpu/devices/cpu0/cache/index0/level,,,,,,,,
31,,/sys/bus/cpu/devices/cpu0/cache/index3/coherency_line_size,,,,,,,,,/proc/21/cmdline,,,,,,/,,,,,,,,,,,,,,,,,,,/sys/bus/cpu/devices/cpu0/cache/index3/coherency_line_size,,,,,,,,
32,,/sys/devices/virtual/dmi/id/chassis_serial,,,,,,,,,/sys/bus/cpu/devices/cpu0/cache/index1/type,,,,,,sys/devices/virtual/dmi/id/board_version,,,,,,,,,,,,,,,,,,,/sys/devices/virtual/dmi/id/chassis_serial,,,,,,,,
33,,/sys/bus/cpu/devices/cpu0/cache/index7/shared_cpu_map,,,,,,,,,/proc/142/cmdline,,,,,,sys/bus/cpu/devices/cpu0/cache/index3/type,,,,,,,,,,,,,,,,,,,/sys/bus/cpu/devices/cpu0/cache/index7/shared_cpu_map,,,,,,,,
34,,/sys/devices/virtual/dmi/id/board_serial,,,,,,,,,/sys/bus/cpu/devices/cpu0/cache/index0/shared_cpu_map,,,,,,/root/config.json,,,,,,,,,,,,,,,,,,,/sys/devices/virtual/dmi/id/board_serial,,,,,,,,
35,,/proc/meminfo,,,,,,,,,/proc/14/cmdline,,,,,,sys/bus/cpu/devices/cpu0/cache/index5/shared_cpu_map,,,,,,,,,,,,,,,,,,,/root/config.json,,,,,,,,
36,,/sys/devices/virtual/dmi/id/product_name,,,,,,,,,/sys/bus/cpu/devices/cpu0/cache/index3/type,,,,,,sys/bus/cpu/devices/cpu0/cache/index0/coherency_line_size,,,,,,,,,,,,,,,,,,,/proc/meminfo,,,,,,,,
37,,/sys/bus/cpu/devices/cpu0/cache/index3/physical_line_partition,,,,,,,,,/proc/5/cmdline,,,,,,sys/devices/virtual/dmi/id/product_uuid,,,,,,,,,,,,,,,,,,,/sys/devices/virtual/dmi/id/product_name,,,,,,,,
38,,/sys/bus/cpu/devices/cpu0/cache/index0/number_of_sets,,,,,,,,,/sys/devices/system/cpu/online,,,,,,sys/bus/cpu/devices/cpu0/topology/die_cpus,,,,,,,,,,,,,,,,,,,/sys/bus/cpu/devices/cpu0/cache/index3/physical_line_partition,,,,,,,,
39,,/sys/bus/cpu/devices/cpu0/cache/index0/physical_line_partition,,,,,,,,,/proc/13/stat,,,,,,sys/bus/cpu/devices/cpu0/cache/index3/physical_line_partition,,,,,,,,,,,,,,,,,,,/sys/bus/cpu/devices/cpu0/cache/index0/number_of_sets,,,,,,,,
40,,/sys/devices/virtual/dmi/id/product_serial,,,,,,,,,/sys/devices/virtual/dmi/id/bios_version,,,,,,sys/devices/virtual/dmi/id/bios_version,,,,,,,,,,,,,,,,,,,/sys/bus/cpu/devices/cpu0/cache/index0/physical_line_partition,,,,,,,,
41,,/proc/cpuinfo,,,,,,,,,/sys/bus/cpu/devices/cpu0/cache/index9/shared_cpu_map,,,,,,sys/bus/cpu/devices/cpu0/cache/index2/coherency_line_size,,,,,,,,,,,,,,,,,,,/sys/devices/virtual/dmi/id/product_serial,,,,,,,,
42,,/sys/bus/cpu/devices/cpu0/cache/index2/level,,,,,,,,,/sys/bus/cpu/devices/cpu0/cache/index0/coherency_line_size,,,,,,sys/devices/virtual/dmi/id/chassis_type,,,,,,,,,,,,,,,,,,,/proc/cpuinfo,,,,,,,,
43,,/sys/bus/cpu/devices/cpu0/cache/index3/size,,,,,,,,,/sys/bus/cpu/devices/cpu0/cache/index1/shared_cpu_map,,,,,,sys/devices/virtual/dmi/id/board_vendor,,,,,,,,,,,,,,,,,,,/sys/bus/cpu/devices/cpu0/cache/index2/level,,,,,,,,
44,,/sys/devices/virtual/dmi/id/board_vendor,,,,,,,,,/proc/39/stat,,,,,,sys/devices/virtual/dmi/id/sys_vendor,,,,,,,,,,,,,,,,,,,/sys/devices/virtual/dmi/id/board_vendor,,,,,,,,
45,,/sys/bus/cpu/devices/cpu0/cache/index2/number_of_sets,,,,,,,,,/sys/devices/virtual/dmi/id/board_name,,,,,,proc/cpuinfo,,,,,,,,,,,,,,,,,,,/sys/bus/cpu/devices/cpu0/cache/index2/number_of_sets,,,,,,,,
46,,/sys/bus/cpu/devices/cpu0/cache/index1/type,,,,,,,,,/proc/34/cmdline,,,,,,sys/bus/cpu/devices/cpu0/cache/index2/type,,,,,,,,,,,,,,,,,,,/sys/bus/cpu/devices/cpu0/cache/index1/type,,,,,,,,
47,,/sys/bus/cpu/devices/cpu0/cache/index0/shared_cpu_map,,,,,,,,,/sys/bus/cpu/devices/cpu0/topology/die_cpus,,,,,,proc/elog,,,,,,,,,,,,,,,,,,,/sys/bus/cpu/devices/cpu0/cache/index0/shared_cpu_map,,,,,,,,
48,,/sys/bus/cpu/devices/cpu0/cache/index3/type,,,,,,,,,/sys/bus/cpu/devices/cpu0/cache/index3/level,,,,,,sys/bus/cpu/devices/cpu0/cache/index2/shared_cpu_map,,,,,,,,,,,,,,,,,,,/sys/bus/cpu/devices/cpu0/cache/index2/type,,,,,,,,
49,,/sys/bus/cpu/devices/cpu0/cache/index4/shared_cpu_map,,,,,,,,,/sys/bus/cpu/devices/cpu0/topology/thread_siblings,,,,,,sys/bus/cpu/devices/cpu0/cache/index2/size,,,,,,,,,,,,,,,,,,,/sys/bus/cpu/devices/cpu0/cache/index3/type,,,,,,,,
50,,/sys/devices/virtual/dmi/id/board_asset_tag,,,,,,,,,/proc/109/cmdline,,,,,,sys/bus/cpu/devices/cpu0/cache/index0/level,,,,,,,,,,,,,,,,,,,/sys/bus/cpu/devices,,,,,,,,
51,,/sys/devices/virtual/dmi/id/chassis_version,,,,,,,,,/proc/55/cmdline,,,,,,sys/bus/cpu/devices/cpu0/topology/physical_package_id,,,,,,,,,,,,,,,,,,,/usr/local/ssl/openssl.cnf,,,,,,,,
52,,/sys/devices/virtual/dmi/id/chassis_vendor,,,,,,,,,/proc/3/cmdline,,,,,,sys/bus/cpu/devices/cpu0/cache/index0/physical_line_partition,,,,,,,,,,,,,,,,,,,/sys/devices/virtual/dmi/id/board_asset_tag,,,,,,,,
53,,/sys/devices/system/cpu/online,,,,,,,,,/sys/devices/system/node/node0/hugepages/hugepages-2048kB/free_hugepages,,,,,,sys/bus/cpu/devices/cpu0/cache/index4/shared_cpu_map,,,,,,,,,,,,,,,,,,,/sys/devices/virtual/dmi/id/chassis_version,,,,,,,,
54,,/sys/devices/virtual/dmi/id/bios_version,,,,,,,,,/sys/devices/virtual/dmi/id/product_version,,,,,,sys/bus/cpu/devices/cpu0/cache/index6/shared_cpu_map,,,,,,,,,,,,,,,,,,,/sys/devices/virtual/dmi/id/chassis_vendor,,,,,,,,
55,,/sys/bus/cpu/devices/cpu0/cache/index2/type,,,,,,,,,/proc/11/stat,,,,,,sys/devices/virtual/dmi/id,,,,,,,,,,,,,,,,,,,/sys/devices/system/cpu/online,,,,,,,,
56,,/sys/bus/cpu/devices/cpu0/cache/index9/shared_cpu_map,,,,,,,,,/sys/bus/cpu/devices/cpu0/cache/index2/shared_cpu_map,,,,,,sys/bus/cpu/devices/cpu0/cache/index8/shared_cpu_map,,,,,,,,,,,,,,,,,,,/sys/devices/virtual/dmi/id/sys_vendor,,,,,,,,
57,,/sys/bus/cpu/devices/cpu0/cache/index0/coherency_line_size,,,,,,,,,/sys/bus/cpu/devices/cpu0/cache/index6/shared_cpu_map,,,,,,sys/devices/virtual/dmi/id/chassis_version,,,,,,,,,,,,,,,,,,,/sys/bus/cpu/devices/cpu0/cache/index4/shared_cpu_map,,,,,,,,
58,,/sys/devices/virtual/dmi/id/chassis_type,,,,,,,,,/proc/mounts,,,,,,sys/bus/cpu/devices/cpu0/topology/core_id,,,,,,,,,,,,,,,,,,,/sys/bus/cpu/devices/cpu0/cache/index9/shared_cpu_map,,,,,,,,
59,,/sys/bus/cpu/devices,,,,,,,,,/sys/devices/virtual/dmi/id/chassis_asset_tag,,,,,,sys/bus/cpu/devices/cpu0/cache/index2/number_of_sets,,,,,,,,,,,,,,,,,,,/sys/bus/cpu/devices/cpu0/cache/index1/shared_cpu_map,,,,,,,,
60,,,,,,,,,,,/proc/3/stat,,,,,,/sys/devices/system/cpu/online,,,,,,,,,,,,,,,,,,,/sys/devices/virtual/dmi/id/chassis_type,,,,,,,,
61,,,,,,,,,,,/proc/108/stat,,,,,,sys/bus/cpu/devices/cpu0/cache/index1/type,,,,,,,,,,,,,,,,,,,/sys/bus/cpu/devices/cpu0/cache/index3/size,,,,,,,,
62,,,,,,,,,,,/proc/1/stat,,,,,,sys/bus/cpu/devices/cpu0/cache/index3/shared_cpu_map,,,,,,,,,,,,,,,,,,,,,,,,,,,
63,,,,,,,,,,,/proc/103/stat,,,,,,sys/devices/virtual/dmi/id/product_version,,,,,,,,,,,,,,,,,,,,,,,,,,,
64,,,,,,,,,,,/sys/devices/virtual/dmi/id/bios_vendor,,,,,,sys/devices/virtual/dmi/id/chassis_serial,,,,,,,,,,,,,,,,,,,,,,,,,,,
65,,,,,,,,,,,/proc/31/cmdline,,,,,,sys/devices/virtual/dmi/id/bios_vendor,,,,,,,,,,,,,,,,,,,,,,,,,,,
66,,,,,,,,,,,/sys/bus/cpu/devices/cpu0/cache/index0/type,,,,,,,,,,,,,,,,,,,,,,,,,,,,,,,,,
67,,,,,,,,,,,/sys/bus/cpu/devices/cpu0/cache/index0/level,,,,,,,,,,,,,,,,,,,,,,,,,,,,,,,,,
68,,,,,,,,,,,/proc/14/stat,,,,,,,,,,,,,,,,,,,,,,,,,,,,,,,,,
69,,,,,,,,,,,/etc/passwd,,,,,,,,,,,,,,,,,,,,,,,,,,,,,,,,,
70,,,,,,,,,,,/sys/bus/cpu/devices/cpu0/cache/index0/physical_line_partition,,,,,,,,,,,,,,,,,,,,,,,,,,,,,,,,,
71,,,,,,,,,,,/sys/devices/virtual/dmi/id/product_serial,,,,,,,,,,,,,,,,,,,,,,,,,,,,,,,,,
72,,,,,,,,,,,/proc/37/stat,,,,,,,,,,,,,,,,,,,,,,,,,,,,,,,,,
73,,,,,,,,,,,/proc/103/cmdline,,,,,,,,,,,,,,,,,,,,,,,,,,,,,,,,,
74,,,,,,,,,,,/proc/4/stat,,,,,,,,,,,,,,,,,,,,,,,,,,,,,,,,,
75,,,,,,,,,,,/proc/10/stat,,,,,,,,,,,,,,,,,,,,,,,,,,,,,,,,,
76,,,,,,,,,,,/proc/10/cmdline,,,,,,,,,,,,,,,,,,,,,,,,,,,,,,,,,
77,,,,,,,,,,,/proc/101/cmdline,,,,,,,,,,,,,,,,,,,,,,,,,,,,,,,,,
78,,,,,,,,,,,/proc/32/stat,,,,,,,,,,,,,,,,,,,,,,,,,,,,,,,,,
79,,,,,,,,,,,/sys/devices/virtual/dmi/id/board_asset_tag,,,,,,,,,,,,,,,,,,,,,,,,,,,,,,,,,
80,,,,,,,,,,,/proc/108/cmdline,,,,,,,,,,,,,,,,,,,,,,,,,,,,,,,,,
81,,,,,,,,,,,/proc/5/stat,,,,,,,,,,,,,,,,,,,,,,,,,,,,,,,,,
82,,,,,,,,,,,/sys/bus/cpu/devices,,,,,,,,,,,,,,,,,,,,,,,,,,,,,,,,,
83,,,,,,,,,,,/sys/bus/cpu/devices/cpu0/cache/index3/shared_cpu_map,,,,,,,,,,,,,,,,,,,,,,,,,,,,,,,,,
84,,,,,,,,,,,/sys/devices/virtual/dmi/id/bios_date,,,,,,,,,,,,,,,,,,,,,,,,,,,,,,,,,
85,,,,,,,,,,,/etc/nsswitch.conf,,,,,,,,,,,,,,,,,,,,,,,,,,,,,,,,,
86,,,,,,,,,,,/proc/11/cmdline,,,,,,,,,,,,,,,,,,,,,,,,,,,,,,,,,
87,,,,,,,,,,,/proc/38/stat,,,,,,,,,,,,,,,,,,,,,,,,,,,,,,,,,
88,,,,,,,,,,,/lib64/libnss_files.so.2,,,,,,,,,,,,,,,,,,,,,,,,,,,,,,,,,
89,,,,,,,,,,,/sys/devices/virtual/dmi/id/board_version,,,,,,,,,,,,,,,,,,,,,,,,,,,,,,,,,
90,,,,,,,,,,,/proc/28/stat,,,,,,,,,,,,,,,,,,,,,,,,,,,,,,,,,
91,,,,,,,,,,,/proc/7/cmdline,,,,,,,,,,,,,,,,,,,,,,,,,,,,,,,,,
92,,,,,,,,,,,/sys/bus/cpu/devices/cpu0/topology/core_id,,,,,,,,,,,,,,,,,,,,,,,,,,,,,,,,,
93,,,,,,,,,,,/proc/105/cmdline,,,,,,,,,,,,,,,,,,,,,,,,,,,,,,,,,
94,,,,,,,,,,,/sys/devices/system/cpu/possible,,,,,,,,,,,,,,,,,,,,,,,,,,,,,,,,,
95,,,,,,,,,,,/sys/bus/cpu/devices/cpu0/cache/index3/number_of_sets,,,,,,,,,,,,,,,,,,,,,,,,,,,,,,,,,
96,,,,,,,,,,,/sys/bus/cpu/devices/cpu0/cache/index8/shared_cpu_map,,,,,,,,,,,,,,,,,,,,,,,,,,,,,,,,,
97,,,,,,,,,,,/proc/12/cmdline,,,,,,,,,,,,,,,,,,,,,,,,,,,,,,,,,
98,,,,,,,,,,,/proc/55/stat,,,,,,,,,,,,,,,,,,,,,,,,,,,,,,,,,
99,,,,,,,,,,,/sys/devices/virtual/dmi/id/product_uuid,,,,,,,,,,,,,,,,,,,,,,,,,,,,,,,,,
100,,,,,,,,,,,/proc/109/stat,,,,,,,,,,,,,,,,,,,,,,,,,,,,,,,,,
101,,,,,,,,,,,/proc/138/cmdline,,,,,,,,,,,,,,,,,,,,,,,,,,,,,,,,,
102,,,,,,,,,,,/proc/140/cmdline,,,,,,,,,,,,,,,,,,,,,,,,,,,,,,,,,
103,,,,,,,,,,,/lib64/x86_64/x86_64/libresolv.so.2,,,,,,,,,,,,,,,,,,,,,,,,,,,,,,,,,
104,,,,,,,,,,,/proc/139/stat,,,,,,,,,,,,,,,,,,,,,,,,,,,,,,,,,
105,,,,,,,,,,,/proc/140/stat,,,,,,,,,,,,,,,,,,,,,,,,,,,,,,,,,
106,,,,,,,,,,,/sys/bus/cpu/devices/cpu0/cache/index7/shared_cpu_map,,,,,,,,,,,,,,,,,,,,,,,,,,,,,,,,,
107,,,,,,,,,,,/proc/29/stat,,,,,,,,,,,,,,,,,,,,,,,,,,,,,,,,,
108,,,,,,,,,,,/proc/36/cmdline,,,,,,,,,,,,,,,,,,,,,,,,,,,,,,,,,
109,,,,,,,,,,,/proc/cpuinfo,,,,,,,,,,,,,,,,,,,,,,,,,,,,,,,,,
110,,,,,,,,,,,/proc/20/stat,,,,,,,,,,,,,,,,,,,,,,,,,,,,,,,,,
111,,,,,,,,,,,/proc/19/stat,,,,,,,,,,,,,,,,,,,,,,,,,,,,,,,,,
112,,,,,,,,,,,/proc/30/cmdline,,,,,,,,,,,,,,,,,,,,,,,,,,,,,,,,,
113,,,,,,,,,,,/proc/136/stat,,,,,,,,,,,,,,,,,,,,,,,,,,,,,,,,,
114,,,,,,,,,,,/proc/34/stat,,,,,,,,,,,,,,,,,,,,,,,,,,,,,,,,,
115,,,,,,,,,,,/proc/31/stat,,,,,,,,,,,,,,,,,,,,,,,,,,,,,,,,,
116,,,,,,,,,,,/proc/33/cmdline,,,,,,,,,,,,,,,,,,,,,,,,,,,,,,,,,
117,,,,,,,,,,,/proc/99/cmdline,,,,,,,,,,,,,,,,,,,,,,,,,,,,,,,,,
118,,,,,,,,,,,/proc/16/cmdline,,,,,,,,,,,,,,,,,,,,,,,,,,,,,,,,,
119,,,,,,,,,,,/proc/35/cmdline,,,,,,,,,,,,,,,,,,,,,,,,,,,,,,,,,
120,,,,,,,,,,,/proc/104/cmdline,,,,,,,,,,,,,,,,,,,,,,,,,,,,,,,,,
121,,,,,,,,,,,/proc,,,,,,,,,,,,,,,,,,,,,,,,,,,,,,,,,
122,,,,,,,,,,,/proc/4/cmdline,,,,,,,,,,,,,,,,,,,,,,,,,,,,,,,,,
123,,,,,,,,,,,/lib64/tls/x86_64/x86_64/libresolv.so.2,,,,,,,,,,,,,,,,,,,,,,,,,,,,,,,,,
124,,,,,,,,,,,/proc/18/cmdline,,,,,,,,,,,,,,,,,,,,,,,,,,,,,,,,,
125,,,,,,,,,,,/sys/devices/virtual/dmi/id/sys_vendor,,,,,,,,,,,,,,,,,,,,,,,,,,,,,,,,,
126,,,,,,,,,,,/sys/bus/cpu/devices/cpu0/cache/index2/type,,,,,,,,,,,,,,,,,,,,,,,,,,,,,,,,,
127,,,,,,,,,,,/proc/6/stat,,,,,,,,,,,,,,,,,,,,,,,,,,,,,,,,,
128,,,,,,,,,,,/sys/devices/virtual/dmi/id/chassis_type,,,,,,,,,,,,,,,,,,,,,,,,,,,,,,,,,
129,,,,,,,,,,,/proc/15/stat,,,,,,,,,,,,,,,,,,,,,,,,,,,,,,,,,
130,,,,,,,,,,,/root/.cron,,,,,,,,,,,,,,,,,,,,,,,,,,,,,,,,,
131,,,,,,,,,,,/proc/17/stat,,,,,,,,,,,,,,,,,,,,,,,,,,,,,,,,,
132,,,,,,,,,,,/proc/16/stat,,,,,,,,,,,,,,,,,,,,,,,,,,,,,,,,,
133,,,,,,,,,,,/proc/18/stat,,,,,,,,,,,,,,,,,,,,,,,,,,,,,,,,,
134,,,,,,,,,,,/proc/15/cmdline,,,,,,,,,,,,,,,,,,,,,,,,,,,,,,,,,
135,,,,,,,,,,,/proc/94/stat,,,,,,,,,,,,,,,,,,,,,,,,,,,,,,,,,
136,,,,,,,,,,,/proc/1/cmdline,,,,,,,,,,,,,,,,,,,,,,,,,,,,,,,,,
137,,,,,,,,,,,/proc/9/cmdline,,,,,,,,,,,,,,,,,,,,,,,,,,,,,,,,,
138,,,,,,,,,,,/sys/bus/cpu/devices/cpu0/cache/index5/shared_cpu_map,,,,,,,,,,,,,,,,,,,,,,,,,,,,,,,,,
139,,,,,,,,,,,/tmp/.lock,,,,,,,,,,,,,,,,,,,,,,,,,,,,,,,,,
140,,,,,,,,,,,/sys/devices/virtual/dmi/id,,,,,,,,,,,,,,,,,,,,,,,,,,,,,,,,,
141,,,,,,,,,,,/lib64/libresolv.so.2,,,,,,,,,,,,,,,,,,,,,,,,,,,,,,,,,
142,,,,,,,,,,,/proc/141/stat,,,,,,,,,,,,,,,,,,,,,,,,,,,,,,,,,
143,,,,,,,,,,,/proc/99/stat,,,,,,,,,,,,,,,,,,,,,,,,,,,,,,,,,
144,,,,,,,,,,,/proc/104/stat,,,,,,,,,,,,,,,,,,,,,,,,,,,,,,,,,
145,,,,,,,,,,,/proc/2/cmdline,,,,,,,,,,,,,,,,,,,,,,,,,,,,,,,,,
146,,,,,,,,,,,/sys/bus/cpu/devices/cpu0/cache/index2/coherency_line_size,,,,,,,,,,,,,,,,,,,,,,,,,,,,,,,,,
147,,,,,,,,,,,/proc/105/stat,,,,,,,,,,,,,,,,,,,,,,,,,,,,,,,,,
148,,,,,,,,,,,/dev/null,,,,,,,,,,,,,,,,,,,,,,,,,,,,,,,,,
149,,,,,,,,,,,/sys/bus/cpu/devices/cpu0/topology/core_siblings,,,,,,,,,,,,,,,,,,,,,,,,,,,,,,,,,
150,,,,,,,,,,,/lib64/libc.so.6,,,,,,,,,,,,,,,,,,,,,,,,,,,,,,,,,
151,,,,,,,,,,,/proc/28/cmdline,,,,,,,,,,,,,,,,,,,,,,,,,,,,,,,,,
152,,,,,,,,,,,/sys/devices/virtual/dmi/id/board_serial,,,,,,,,,,,,,,,,,,,,,,,,,,,,,,,,,
153,,,,,,,,,,,/proc/meminfo,,,,,,,,,,,,,,,,,,,,,,,,,,,,,,,,,
154,,,,,,,,,,,/proc/58/stat,,,,,,,,,,,,,,,,,,,,,,,,,,,,,,,,,
155,,,,,,,,,,,/lib64/tls/x86_64/libresolv.so.2,,,,,,,,,,,,,,,,,,,,,,,,,,,,,,,,,
156,,,,,,,,,,,/sys/bus/cpu/devices/cpu0/cache/index3/physical_line_partition,,,,,,,,,,,,,,,,,,,,,,,,,,,,,,,,,
157,,,,,,,,,,,/sys/bus/cpu/devices/cpu0/cache/index0/number_of_sets,,,,,,,,,,,,,,,,,,,,,,,,,,,,,,,,,
158,,,,,,,,,,,/proc/21/stat,,,,,,,,,,,,,,,,,,,,,,,,,,,,,,,,,
159,,,,,,,,,,,/proc/19/cmdline,,,,,,,,,,,,,,,,,,,,,,,,,,,,,,,,,
160,,,,,,,,,,,/proc/9/stat,,,,,,,,,,,,,,,,,,,,,,,,,,,,,,,,,
161,,,,,,,,,,,/sys/devices/virtual/dmi/id/board_vendor,,,,,,,,,,,,,,,,,,,,,,,,,,,,,,,,,
162,,,,,,,,,,,.cron,,,,,,,,,,,,,,,,,,,,,,,,,,,,,,,,,
163,,,,,,,,,,,/sys/bus/cpu/devices/cpu0/cache/index2/number_of_sets,,,,,,,,,,,,,,,,,,,,,,,,,,,,,,,,,
164,,,,,,,,,,,/proc/38/cmdline,,,,,,,,,,,,,,,,,,,,,,,,,,,,,,,,,
165,,,,,,,,,,,/proc/6/cmdline,,,,,,,,,,,,,,,,,,,,,,,,,,,,,,,,,
166,,,,,,,,,,,/proc/2/stat,,,,,,,,,,,,,,,,,,,,,,,,,,,,,,,,,
167,,,,,,,,,,,/proc/30/stat,,,,,,,,,,,,,,,,,,,,,,,,,,,,,,,,,
168,,,,,,,,,,,/etc/ld.so.cache,,,,,,,,,,,,,,,,,,,,,,,,,,,,,,,,,
169,,,,,,,,,,,/lib64/x86_64/libresolv.so.2,,,,,,,,,,,,,,,,,,,,,,,,,,,,,,,,,
170,,,,,,,,,,,/proc/94/cmdline,,,,,,,,,,,,,,,,,,,,,,,,,,,,,,,,,
171,,,,,,,,,,,/proc/7/stat,,,,,,,,,,,,,,,,,,,,,,,,,,,,,,,,,
172,,,,,,,,,,,/sys/devices/virtual/dmi/id/chassis_version,,,,,,,,,,,,,,,,,,,,,,,,,,,,,,,,,
173,,,,,,,,,,,/sys/devices/virtual/dmi/id/chassis_vendor,,,,,,,,,,,,,,,,,,,,,,,,,,,,,,,,,
174,,,,,,,,,,,/sys/bus/cpu/devices/cpu0/cache/index4/shared_cpu_map,,,,,,,,,,,,,,,,,,,,,,,,,,,,,,,,,
175,,,,,,,,,,,/sys/bus/cpu/devices/cpu0/cache/index3/size,,,,,,,,,,,,,,,,,,,,,,,,,,,,,,,,,
