,00ae07c9fe63b080181b8a6d59c6b3b6f9913938858829e5a42ab90fb72edf7a.out_files.csv,04b5e29283c60fcc255f8d2f289238430a10624e457f12f1bc866454110830a2.out_files.csv,0a4b417193f63a3cce4550e363548384eb007f89e89eb831cf1b7f5ddf230a51.out_files.csv,0a79399c441fca30d20e79fdabdd23ae33f3e16bf9c012cd1492604a03e656bb.out_files.csv,119fa2690a99f4b464e62d3cec04de6750633d00b0bca84ba436a1d20508a2f9.out_files.csv,1b1a56aec5b02355b90f911cdd27a35d099690fcbeb0e0622eaea831d64014d3.out_files.csv,1e48915f40bfdd75fb83e79779010336320af76411b9af9f0e68d361e63a2f60.out_files.csv,1eb236fc4728d8048cbbb94dab2215e31877ec7b6533f3720cd2156bc9192d92.out_files.csv,20e4c4893ed1faa9a50b0a4ba5fa0062d5178b635222849eeafa53e8c5c0d8c8.out_files.csv,24ee0e3d65b0593198fbe973a58ca54402b0879d71912f44f4b831003a5c7819.out_files.csv,2c98b196a51f737f29689d16abeea620b0acfa6380bdc8e94a7a927477d81e3a.out_files.csv,2d6b53b1feb2ff94f2cf1ba443ae4aa81dca82fe7c9f6c8b859921997eb5cf70.out_files.csv,3144e5eb401f51f957f6821c201d5135f8627bbf2dab054d962fceaca45b3a04.out_files.csv,329255e33f43e6e9ae5d5efd6f5c5745c35a30d42fb5099beb51a6e40fe9bd76.out_files.csv,4289ba60e1852a9d5ef1b4fb04be8e918148f7b3fe04fe371371f09a36efee00.out_files.csv,4d2289d8feff37ed18063641a91c6a0ad613fcc0df31d131edfd2303fc369344.out_files.csv,56e0174d76d82a1c6c127044bb85f696ef4842a140798b398691af6fa51b48f0.out_files.csv,c7e39dfd0f42a9a8254bca7c4c20c393dce022fcb011fe7170af1538767d620f.out_files.csv,efa875506296d77178884ba8ac68a8b6d6aef24e79025359cf5259669396e8dd.out_files.csv
0,0d7960a39b92dad88986deea6e5861bd00fb301e92d550c232aebb36ed010e46.out_files.csv,0dcfa54a7e8a4e631ef466670ce604a61f3b0e8b3e9cf72c943278c0f77c31a2.out_files.csv,9937981d8395aea21c6c3ecabc1e35a195428e7d0d3a9f569b15e2f5f4c26b41.out_files.csv,c968b1bd582ec034f35b9a924a699e2939e2e9f4402b0e8c9f27ea7576b00d11.out_files.csv,ad881621a630f16d4ae2f3b85f4707dcc7043ae675af878b89f2b571413ef40f.out_files.csv,1f1bf32f553b925963485d8bb8cc3f0344720f9e67100d610d9e3f5f6bc002a1.out_files.csv,c34523bce4a4730a1ce69a4ef0c961db845c43b17a8457b9e79c02914c1874de.out_files.csv,cce483b56b8e8a972f591466656dcc6c5574323c7a844d001da62522143db574.out_files.csv,47a4ca5b1b6a2c0c7914b342f668b860041ec826d2ac85825389dba363797431.out_files.csv,a3a6f6af9047ef527a89445c2cf297e6dd0828f1ddd6d97bf4bb9ed799a738bb.out_files.csv,3ffc2327a5dd17978f62c44807e5bf9904bcdef222012a11e48801faf6861a67.out_files.csv,f123c0bf13d3b153e86a14e6fba58e2aee14f88ed493954b0dc556d3a700195f.out_files.csv,3dc67f187f2a9f403ddd754f26ea630a67e37e756ed7c99677de1575e34f0bea.out_files.csv,7955542df199c6ce4ca0bb3966dcf9cc71199c592fec38508dad58301a3298d0.out_files.csv,546a65849cd54b2ad6f2e7c386d6c50e366dfe3a16b49a032459cd17d7b0d7f2.out_files.csv,524cd97417da8bd456169ae6f678fbb553965634df5bbb8329c0f264a0cdbeb9.out_files.csv,741af7d54a95dd3b4497c73001e7b2ba1f607d19d63068b611505f9ce14c7776.out_files.csv,fadc69995b9f837837595d73be8dce1bbccf0b709d0d8bb2cadf1c90b46763cf.out_files.csv,efacd163027d6db6009c7363eb2af62b588258789735352adcbc672cd412c7c1.out_files.csv
1,26d1a32a2bfb4beaf986d1b798f7f9705f11d6372b56332c612e58cc470634b4.out_files.csv,346599bff197dc24dba9875c1b765c160881919c3582dc0fae99c4c2cf5c8836.out_files.csv,,,,240fe01d9fcce5aae311e906b8311a1975f8c1431b83618f3d11aeaff10aede3.out_files.csv,,,,,564a666d0a7efc39c9d53f5c6c4d95d5f7f6b7bff2dc9aa3c871f8c49650a99b.out_files.csv,,a6b218a2736293577f958f1976fdb583317ef94344509ce659ec2e4c7dce16c8.out_files.csv,,ed5557ed8c1450c30212bcd9486f2696bd9fc3fb3091e23ef55eff755a063719.out_files.csv,,ee0e8516bfc431cb103f16117b9426c79263e279dc46bece5d4b96ddac9a5e90.out_files.csv,,
2,2d39779ad930fe8c1f181285a8cd5a57f23cc871e1716a201206c8499cf4b9af.out_files.csv,53046ec20ff41109e92ae74a5d9ea300d01c07d08fff936f2c7f527cae6384ec.out_files.csv,,,,39c33c261899f2cb91f686aa6da234175237cd72cfcd9291a6e51cbdc86d4def.out_files.csv,,,,,9e8e79637b5d21c7e3500345da26a2a15f77034623f6d711967b3750417f7ce5.out_files.csv,,e808760ffb94d970fb9a224c3e1093e5c8999dd736936d6290b28741abc9c81f.out_files.csv,,,,,,
3,3fac250cf6bdb0bf5b1707a970bd233e86dabc0765fede8238d761fb0f27c3da.out_files.csv,64ef1e8134f02ab53f0fb2c3e8fde3cd1f4186635643bfbda6db7d00fd2a4881.out_files.csv,,,,3ff6b4287e49a01724626a9e11adceee7a478aa5e5778ec139a3f9011a02f3af.out_files.csv,,,,,aaf6ad951a8f36bd6f84d0387b9a17e3702068b4955e23bdacf5b4c17fd6cd2d.out_files.csv,,,,,,,,
4,8b44e74ab90b411576e99868cb6ad522ea06d62e4312ed2064a7dd72860063f6.out_files.csv,78f92857e18107872526feb1ae834edb9b7189df4a2129a4125a3dd8917f9983.out_files.csv,,,,4309d17a3e2376639026494a47c5d4a68f481f1ab0eea5104cb58c5412e290ff.out_files.csv,,,,,cb8799e04b6a2f7070910c70b066c44042fb739c461f2dd2a02011eb4fdfdfea.out_files.csv,,,,,,,,
5,a796c302688bee0f9b78a723caca6e335081e8b87b19a7427593c1fee1fe10dd.out_files.csv,a6d79e8de33e14b22fae06d4db8a3a93a606707f83a1aa367af04f516dcc1577.out_files.csv,,,,4ed03737803160dc63a560169c3cd224d0809e8a54cd8fa6fa85fc4a911971dc.out_files.csv,,,,,f6b7a01dab3a0d3bb0e66d032f0ba9c0d851d0e6f22a7bded4dead419e33f8a4.out_files.csv,,,,,,,,
6,f414ae8a6c2e908d9f3408cba59423b1e67f2506bac0465acbdaa771e1c77286.out_files.csv,c36050a2036ff0a1b42f9beb667914046a16071dfb6675424a56ea3874c686ff.out_files.csv,,,,5baf025c571ba362170e8d1767afe4f7adccbb4524874015fa9add308ccc203a.out_files.csv,,,,,,,,,,,,,
7,fbba7bc092f8f36da650dde4e3b1af6f6ac656f054bfb20738b2f864bceb4d5a.out_files.csv,fabfb91bec618ce6fc7d83331e6d01ff3256ef60e11a76dd3a7306442fb22f80.out_files.csv,,,,851787bf4039d365178a16018edec430dd4a0d001c9c9c4cb68f8b73bf0c4d02.out_files.csv,,,,,,,,,,,,,
8,,,,,,912f27b311f90e81c135f2d363e06db44aaf4067501971703c6335e85a26e8bb.out_files.csv,,,,,,,,,,,,,
9,,,,,,9e7902cfe3090cd8635af3c04de8f8510db26fb56b060060daede7dc5306f40e.out_files.csv,,,,,,,,,,,,,
10,,,,,,a663c9cc2631de038106da41912cf7144a3e67a5faa783413172b0536a88c6f0.out_files.csv,,,,,,,,,,,,,
11,,,,,,b86fa7422710bfb569986f8a4778f1614837acc754f105b7d90608a03ea7cbd6.out_files.csv,,,,,,,,,,,,,
12,,,,,,e3f90c676c4945fa685e6d61689d8dfb8cb4a496816b76b1eff12f63861c217c.out_files.csv,,,,,,,,,,,,,
13,,,,,,f12fc2ed61b61fe0be5500aaaa9707acebe5802d83895e87a0faebf77a59323c.out_files.csv,,,,,,,,,,,,,
14,,,,,,fe377368c04b3b3fcd54968397a878ba5254f13af6e824732e9cfc23983b57bb.out_files.csv,,,,,,,,,,,,,
,,,,,,,,,,,,,,,,,,,
,,,,,,,,,,,,,,,,,,,
,,,,,,,,,,,,,,,,,,,
,/lib64/x86_64/x86_64/libpthread.so.0,/sys/bus/cpu/devices/cpu0/cache/index3/shared_cpu_map,/proc/self/exe,/lib64/x86_64/libresolv.so.2,/usr/lib64/tls/x86_64/x86_64/libssl.so.1.1,config.txt,/proc/101/stat,/etc/hosts,/lib64/x86_64/libzmq.so.5,/lib64/libpthread.so.0,/home/ubuntu/build/monero/contrib/depends/x86_64-linux-gnu/etc/openssl/openssl.cnf,sys/devices/virtual/dmi/id/product_serial,/root/config.json,/lib64/x86_64/x86_64/libpthread.so.0,/proc/self/exe,/dev/null,/etc/hosts,/sys/bus/cpu/devices/cpu0/cache/index3/shared_cpu_map,/tmp/.X11-unix/22
,/etc/localtime,/sys/bus/cpu/devices/cpu0/cache/index0/size,,/lib64/tls/libresolv.so.2,/usr/lib64/tls/libssl.so.1.1,pools.txt,/sys/bus/cpu/devices/cpu0/cache/index0/size,/etc/localtime,/usr/lib64/x86_64/x86_64/libzmq.so.5,/lib64/x86_64/librt.so.1,/etc/localtime,sys/bus/cpu/devices,/etc/localtime,/lib64/x86_64/libpthread.so.0,/root/config.json,/etc/hosts,/etc/nsswitch.conf,/sys/bus/cpu/devices/cpu0/cache/index0/size,
,/lib64/x86_64/libpthread.so.0,/sys/devices/virtual/dmi/id/bios_date,,/etc/ld.so.cache,/lib64/libssl.so.1.1,/usr/local/ssl/openssl.cnf,/lib64/tls/libresolv.so.2,/etc/resolv.conf,/lib64/libzmq.so.5,/usr/lib64/x86_64/libstdc++.so.6,/lib64/libm.so.6,proc/hwloc-nofile-info,/dev/urandom,/etc/ld.so.cache,/dev/urandom,/etc/resolv.conf,/etc/resolv.conf,/sys/devices/virtual/dmi/id/bios_date,
,/lib64/libm.so.6,/sys/bus/cpu/devices/cpu0/cache/index1/shared_cpu_map,,/lib64/tls/x86_64/libresolv.so.2,/usr/lib64/libssl.so.1.1,,/proc/39/cmdline,,/etc/ld.so.cache,/lib64/tls/x86_64/librt.so.1,/etc/ld.so.cache,sys/bus/cpu/devices/cpu0/cache/index3/coherency_line_size,,/lib64/libpthread.so.0,/root/.xmrig.json,,,/sys/bus/cpu/devices/cpu0/cache/index0/coherency_line_size,
,/etc/ld.so.cache,/sys/devices/virtual/dmi/id/board_name,,/lib64/tls/x86_64/x86_64/libresolv.so.2,/usr/lib64/tls/x86_64/libssl.so.1.1,,/sys/bus/cpu/devices/cpu0/cache/index2/size,,/usr/lib64/tls/x86_64/x86_64/libzmq.so.5,/lib64/libm.so.6,/root/.bitmonero/lmdb/data.mdb,sys/bus/cpu/devices/cpu0/topology/book_siblings,,/lib64/tls/libpthread.so.0,/root/.config/xmrig.json,,,/sys/devices/virtual/dmi/id/bios_version,
,/lib64/libpthread.so.0,/sys/bus/cpu/devices/cpu0/topology/die_cpus,,/lib64/x86_64/x86_64/libresolv.so.2,/etc/ld.so.cache,,/proc/13/cmdline,,/lib64/tls/x86_64/libzmq.so.5,/usr/lib64/x86_64/x86_64/libstdc++.so.6,/lib64/tls/x86_64/x86_64/libm.so.6,sys/devices/virtual/dmi/id/product_name,,/lib64/tls/x86_64/x86_64/libpthread.so.0,,,,/sys/devices/virtual/dmi/id/board_name,
,/root/config.json,/sys/bus/cpu/devices/cpu0/cache/index3/level,,/lib64/libc.so.6,/lib64/tls/x86_64/libssl.so.1.1,,/sys/bus/cpu/devices/cpu0/cache/index2/physical_line_partition,,/usr/lib64/tls/x86_64/libzmq.so.5,/lib64/libgcc_s.so.1,/lib64/libpthread.so.0,sys/devices/virtual/dmi/id/bios_date,,/lib64/tls/x86_64/libpthread.so.0,,,,/sys/bus/cpu/devices/cpu0/topology/die_cpus,
,/lib64/tls/libpthread.so.0,/sys/bus/cpu/devices/cpu0/topology/thread_siblings,,/lib64/libresolv.so.2,/lib64/tls/x86_64/x86_64/libssl.so.1.1,,/proc/58/cmdline,,/usr/lib64/x86_64/libzmq.so.5,/lib64/libc.so.6,/sys/dev/block/254:0/queue/rotational,sys/bus/cpu/devices/cpu0/cache/index1/level,,/lib64/libc.so.6,,,,/sys/bus/cpu/devices/cpu0/cache/index3/level,
,/lib64/tls/x86_64/x86_64/libpthread.so.0,/sys/devices/virtual/dmi/id/sys_vendor,,,/usr/lib64/x86_64/libssl.so.1.1,,/etc/resolv.conf,,/lib64/x86_64/x86_64/libzmq.so.5,/lib64/tls/x86_64/x86_64/librt.so.1,/dev/urandom,sys/bus/cpu/devices/cpu0/cache/index7/shared_cpu_map,,,,,,/sys/bus/cpu/devices/cpu0/topology/thread_siblings,
,/lib64/tls/x86_64/libpthread.so.0,/sys/devices/virtual/dmi/id/board_version,,,/lib64/x86_64/libssl.so.1.1,,/sys/bus/cpu/devices/cpu0/cache/index1/level,,/lib64/tls/libzmq.so.5,/usr/lib64/libstdc++.so.6,/lib64/tls/x86_64/libm.so.6,sys/bus/cpu/devices/cpu0/cache/index0/number_of_sets,,,,,,/sys/devices/virtual/dmi/id/board_version,
,/lib64/libc.so.6,/sys/bus/cpu/devices/cpu0/cache/index2/size,,,/usr/lib64/x86_64/x86_64/libssl.so.1.1,,/proc/29/cmdline,,/usr/lib64/libzmq.so.5,/usr/lib64/tls/libstdc++.so.6,/lib64/x86_64/x86_64/libm.so.6,sys/bus/cpu/devices/cpu0/topology/thread_siblings,,,,,,/sys/bus/cpu/devices/cpu0/cache/index2/size,
,,/sys/bus/cpu/devices/cpu0/cache/index5/shared_cpu_map,,,/lib64/x86_64/x86_64/libssl.so.1.1,,/proc/37/cmdline,,/lib64/tls/x86_64/x86_64/libzmq.so.5,/dev/urandom,/lib64/tls/libm.so.6,/proc/mounts,,,,,,/sys/bus/cpu/devices/cpu0/cache/index5/shared_cpu_map,
,,/sys/devices/virtual/dmi/id/product_version,,,/lib64/tls/libssl.so.1.1,,/sys/bus/cpu/devices/cpu0/topology/physical_package_id,,/usr/lib64/tls/libzmq.so.5,/usr/lib64/tls/x86_64/x86_64/libstdc++.so.6,/lib64/x86_64/libm.so.6,sys/bus/cpu/devices/cpu0/cache/index0/shared_cpu_map,,,,,,/sys/devices/virtual/dmi/id/product_version,
, Functions in this library provide the POSIX threads.,/sys/bus/cpu/devices/cpu0/cache/index2/physical_line_partition,,"Functions in this library provide for creating, sending,and interpret-",,,/etc/hosts,,,/etc/ld.so.cache,/lib64/libc.so.6,sys/devices/virtual/dmi/id/chassis_asset_tag,,,,,,/sys/bus/cpu/devices/cpu0/cache/index2/physical_line_partition,
,,/sys/bus/cpu/devices/cpu0/topology/core_id,,       ing packets to the Internet domain name servers.,,,/proc/17/cmdline,,,/lib64/libstdc++.so.6,/root/analyzed_bin.log,/sys/devices/system/cpu/possible,,,,,,/sys/bus/cpu/devices/cpu0/cache/index2/shared_cpu_map,
,,/sys/bus/cpu/devices/cpu0/cache/index2/shared_cpu_map,,,,,/proc/32/cmdline,,,/lib64/librt.so.1,,proc/meminfo,,,,,,/sys/bus/cpu/devices/cpu0/cache/index6/shared_cpu_map,
,,/sys/bus/cpu/devices/cpu0/cache/index6/shared_cpu_map,,,,,/proc/8/stat,,,/usr/lib64/tls/x86_64/libstdc++.so.6,,sys/bus/cpu/devices/cpu0/cache/index3/size,,,,,,/sys/bus/cpu/devices/cpu0/topology/core_id,
,,/sys/devices/virtual/dmi/id,,,,,/proc/8/cmdline,,,/lib64/x86_64/x86_64/librt.so.1,,sys/bus/cpu/devices/cpu0/cache/index2/level,,,,,,/sys/devices/virtual/dmi/id,
,,/proc/mounts,,,,,/proc/141/cmdline,,,/lib64/tls/librt.so.1,,sys/devices/virtual/dmi/id/board_serial,,,,,,/proc/mounts,
,,/sys/bus/cpu/devices/cpu0/cache/index1/level,,,,,/sys/devices/virtual/dmi/id/chassis_serial,,,,,sys/devices/virtual/dmi/id/chassis_vendor,,,,,,/sys/bus/cpu/devices/cpu0/cache/index1/level,
,,/sys/devices/system/cpu/possible,,,,,/sys/bus/cpu/devices/cpu0/cache/index3/coherency_line_size,,,,,sys/bus/cpu/devices/cpu0/cache/index3/number_of_sets,,,,,,/sys/devices/system/cpu/possible,
,,/sys/bus/cpu/devices/cpu0/cache/index3/number_of_sets,,,,,/proc/138/stat,,,,,sys/bus/cpu/devices/cpu0/cache/index0/type,,,,,,/sys/bus/cpu/devices/cpu0/cache/index3/number_of_sets,
,,/sys/bus/cpu/devices/cpu0/topology/physical_package_id,,,,,/proc/12/stat,,,,,sys/bus/cpu/devices/cpu0/cache/index3/level,,,,,,/sys/bus/cpu/devices/cpu0/topology/physical_package_id,
,,/sys/bus/cpu/devices/cpu0/cache/index8/shared_cpu_map,,,,,/proc/33/stat,,,,,sys/bus/cpu/devices/cpu0/cache/index9/shared_cpu_map,,,,,,/sys/bus/cpu/devices/cpu0/cache/index8/shared_cpu_map,
,,/sys/devices/virtual/dmi/id/chassis_asset_tag,,,,,/proc/139/cmdline,,,,,sys/devices/virtual/dmi/id/board_name,,,,,,/sys/devices/virtual/dmi/id/chassis_asset_tag,
,,/sys/devices/virtual/dmi/id/product_uuid,,,,,/sys/devices/virtual/dmi/id/product_name,,,,,sys/bus/cpu/devices/cpu0/cache/index1/shared_cpu_map,,,,,,/sys/devices/virtual/dmi/id/product_uuid,
,,/sys/bus/cpu/devices/cpu0/cache/index2/coherency_line_size,,,,,/proc/35/stat,,,,,sys/bus/cpu/devices/cpu0/online,,,,,,/sys/bus/cpu/devices/cpu0/cache/index2/coherency_line_size,
,,/sys/devices/virtual/dmi/id/bios_vendor,,,,,/sys/bus/cpu/devices/cpu0/cache/index2/level,,,,,sys/bus/cpu/devices/cpu0/cache/index0/size,,,,,,/sys/devices/virtual/dmi/id/bios_vendor,
,,/sys/bus/cpu/devices/cpu0/cache/index0/type,,,,,/proc/142/stat,,,,,sys/bus/cpu/devices/cpu0/cache/index2/physical_line_partition,,,,,,/sys/bus/cpu/devices/cpu0/cache/index0/type,
,,/sys/bus/cpu/devices/cpu0/topology/core_siblings,,,,,/proc/20/cmdline,,,,,sys/bus/cpu/devices/cpu0/topology/core_siblings,,,,,,/sys/bus/cpu/devices/cpu0/topology/core_siblings,
,,/sys/bus/cpu/devices/cpu0/cache/index0/level,,,,,/proc/36/stat,,,,,sys/devices/virtual/dmi/id/board_asset_tag,,,,,,/sys/bus/cpu/devices/cpu0/cache/index0/level,
,,/sys/bus/cpu/devices/cpu0/cache/index3/coherency_line_size,,,,,/proc/21/cmdline,,,,,/,,,,,,/sys/bus/cpu/devices/cpu0/cache/index3/coherency_line_size,
,,/sys/devices/virtual/dmi/id/chassis_serial,,,,,/sys/bus/cpu/devices/cpu0/cache/index1/type,,,,,sys/devices/virtual/dmi/id/board_version,,,,,,/sys/devices/virtual/dmi/id/chassis_serial,
,,/sys/bus/cpu/devices/cpu0/cache/index7/shared_cpu_map,,,,,/proc/142/cmdline,,,,,sys/bus/cpu/devices/cpu0/cache/index3/type,,,,,,/sys/bus/cpu/devices/cpu0/cache/index7/shared_cpu_map,
,,/sys/devices/virtual/dmi/id/board_serial,,,,,/sys/bus/cpu/devices/cpu0/cache/index0/shared_cpu_map,,,,,/root/config.json,,,,,,/sys/devices/virtual/dmi/id/board_serial,
,,/proc/meminfo,,,,,/proc/14/cmdline,,,,,sys/bus/cpu/devices/cpu0/cache/index5/shared_cpu_map,,,,,,/root/config.json,
,,/sys/devices/virtual/dmi/id/product_name,,,,,/sys/bus/cpu/devices/cpu0/cache/index3/type,,,,,sys/bus/cpu/devices/cpu0/cache/index0/coherency_line_size,,,,,,/proc/meminfo,
,,/sys/bus/cpu/devices/cpu0/cache/index3/physical_line_partition,,,,,/proc/5/cmdline,,,,,sys/devices/virtual/dmi/id/product_uuid,,,,,,/sys/devices/virtual/dmi/id/product_name,
,,/sys/bus/cpu/devices/cpu0/cache/index0/number_of_sets,,,,,/sys/devices/system/cpu/online,,,,,sys/bus/cpu/devices/cpu0/topology/die_cpus,,,,,,/sys/bus/cpu/devices/cpu0/cache/index3/physical_line_partition,
,,/sys/bus/cpu/devices/cpu0/cache/index0/physical_line_partition,,,,,/proc/13/stat,,,,,sys/bus/cpu/devices/cpu0/cache/index3/physical_line_partition,,,,,,/sys/bus/cpu/devices/cpu0/cache/index0/number_of_sets,
,,/sys/devices/virtual/dmi/id/product_serial,,,,,/sys/devices/virtual/dmi/id/bios_version,,,,,sys/devices/virtual/dmi/id/bios_version,,,,,,/sys/bus/cpu/devices/cpu0/cache/index0/physical_line_partition,
,,/proc/cpuinfo,,,,,/sys/bus/cpu/devices/cpu0/cache/index9/shared_cpu_map,,,,,sys/bus/cpu/devices/cpu0/cache/index2/coherency_line_size,,,,,,/sys/devices/virtual/dmi/id/product_serial,
,,/sys/bus/cpu/devices/cpu0/cache/index2/level,,,,,/sys/bus/cpu/devices/cpu0/cache/index0/coherency_line_size,,,,,sys/devices/virtual/dmi/id/chassis_type,,,,,,/proc/cpuinfo,
,,/sys/bus/cpu/devices/cpu0/cache/index3/size,,,,,/sys/bus/cpu/devices/cpu0/cache/index1/shared_cpu_map,,,,,sys/devices/virtual/dmi/id/board_vendor,,,,,,/sys/bus/cpu/devices/cpu0/cache/index2/level,
,,/sys/devices/virtual/dmi/id/board_vendor,,,,,/proc/39/stat,,,,,sys/devices/virtual/dmi/id/sys_vendor,,,,,,/sys/devices/virtual/dmi/id/board_vendor,
,,/sys/bus/cpu/devices/cpu0/cache/index2/number_of_sets,,,,,/sys/devices/virtual/dmi/id/board_name,,,,,proc/cpuinfo,,,,,,/sys/bus/cpu/devices/cpu0/cache/index2/number_of_sets,
,,/sys/bus/cpu/devices/cpu0/cache/index1/type,,,,,/proc/34/cmdline,,,,,sys/bus/cpu/devices/cpu0/cache/index2/type,,,,,,/sys/bus/cpu/devices/cpu0/cache/index1/type,
,,/sys/bus/cpu/devices/cpu0/cache/index0/shared_cpu_map,,,,,/sys/bus/cpu/devices/cpu0/topology/die_cpus,,,,,proc/elog,,,,,,/sys/bus/cpu/devices/cpu0/cache/index0/shared_cpu_map,
,,/sys/bus/cpu/devices/cpu0/cache/index3/type,,,,,/sys/bus/cpu/devices/cpu0/cache/index3/level,,,,,sys/bus/cpu/devices/cpu0/cache/index2/shared_cpu_map,,,,,,/sys/bus/cpu/devices/cpu0/cache/index2/type,
,,/sys/bus/cpu/devices/cpu0/cache/index4/shared_cpu_map,,,,,/sys/bus/cpu/devices/cpu0/topology/thread_siblings,,,,,sys/bus/cpu/devices/cpu0/cache/index2/size,,,,,,/sys/bus/cpu/devices/cpu0/cache/index3/type,
,,/sys/devices/virtual/dmi/id/board_asset_tag,,,,,/proc/109/cmdline,,,,,sys/bus/cpu/devices/cpu0/cache/index0/level,,,,,,/sys/bus/cpu/devices,
,,/sys/devices/virtual/dmi/id/chassis_version,,,,,/proc/55/cmdline,,,,,sys/bus/cpu/devices/cpu0/topology/physical_package_id,,,,,,/usr/local/ssl/openssl.cnf,
,,/sys/devices/virtual/dmi/id/chassis_vendor,,,,,/proc/3/cmdline,,,,,sys/bus/cpu/devices/cpu0/cache/index0/physical_line_partition,,,,,,/sys/devices/virtual/dmi/id/board_asset_tag,
,,/sys/devices/system/cpu/online,,,,,/sys/devices/system/node/node0/hugepages/hugepages-2048kB/free_hugepages,,,,,sys/bus/cpu/devices/cpu0/cache/index4/shared_cpu_map,,,,,,/sys/devices/virtual/dmi/id/chassis_version,
,,/sys/devices/virtual/dmi/id/bios_version,,,,,/sys/devices/virtual/dmi/id/product_version,,,,,sys/bus/cpu/devices/cpu0/cache/index6/shared_cpu_map,,,,,,/sys/devices/virtual/dmi/id/chassis_vendor,
,,/sys/bus/cpu/devices/cpu0/cache/index2/type,,,,,/proc/11/stat,,,,,sys/devices/virtual/dmi/id,,,,,,/sys/devices/system/cpu/online,
,,/sys/bus/cpu/devices/cpu0/cache/index9/shared_cpu_map,,,,,/sys/bus/cpu/devices/cpu0/cache/index2/shared_cpu_map,,,,,sys/bus/cpu/devices/cpu0/cache/index8/shared_cpu_map,,,,,,/sys/devices/virtual/dmi/id/sys_vendor,
,,/sys/bus/cpu/devices/cpu0/cache/index0/coherency_line_size,,,,,/sys/bus/cpu/devices/cpu0/cache/index6/shared_cpu_map,,,,,sys/devices/virtual/dmi/id/chassis_version,,,,,,/sys/bus/cpu/devices/cpu0/cache/index4/shared_cpu_map,
,,/sys/devices/virtual/dmi/id/chassis_type,,,,,/proc/mounts,,,,,sys/bus/cpu/devices/cpu0/topology/core_id,,,,,,/sys/bus/cpu/devices/cpu0/cache/index9/shared_cpu_map,
,,/sys/bus/cpu/devices,,,,,/sys/devices/virtual/dmi/id/chassis_asset_tag,,,,,sys/bus/cpu/devices/cpu0/cache/index2/number_of_sets,,,,,,/sys/bus/cpu/devices/cpu0/cache/index1/shared_cpu_map,
,,,,,,,/proc/3/stat,,,,,/sys/devices/system/cpu/online,,,,,,/sys/devices/virtual/dmi/id/chassis_type,
,,,,,,,/proc/108/stat,,,,,sys/bus/cpu/devices/cpu0/cache/index1/type,,,,,,/sys/bus/cpu/devices/cpu0/cache/index3/size,
,,,,,,,/proc/1/stat,,,,,sys/bus/cpu/devices/cpu0/cache/index3/shared_cpu_map,,,,,,,
,,,,,,,/proc/103/stat,,,,,sys/devices/virtual/dmi/id/product_version,,,,,,,
,,,,,,,/sys/devices/virtual/dmi/id/bios_vendor,,,,,sys/devices/virtual/dmi/id/chassis_serial,,,,,,,
,,,,,,,/proc/31/cmdline,,,,,sys/devices/virtual/dmi/id/bios_vendor,,,,,,,
,,,,,,,/sys/bus/cpu/devices/cpu0/cache/index0/type,,,,,,,,,,,,
,,,,,,,/sys/bus/cpu/devices/cpu0/cache/index0/level,,,,,,,,,,,,
,,,,,,,/proc/14/stat,,,,,,,,,,,,
,,,,,,,/etc/passwd,,,,,,,,,,,,
,,,,,,,/sys/bus/cpu/devices/cpu0/cache/index0/physical_line_partition,,,,,,,,,,,,
,,,,,,,/sys/devices/virtual/dmi/id/product_serial,,,,,,,,,,,,
,,,,,,,/proc/37/stat,,,,,,,,,,,,
,,,,,,,/proc/103/cmdline,,,,,,,,,,,,
,,,,,,,/proc/4/stat,,,,,,,,,,,,
,,,,,,,/proc/10/stat,,,,,,,,,,,,
,,,,,,,/proc/10/cmdline,,,,,,,,,,,,
,,,,,,,/proc/101/cmdline,,,,,,,,,,,,
,,,,,,,/proc/32/stat,,,,,,,,,,,,
,,,,,,,/sys/devices/virtual/dmi/id/board_asset_tag,,,,,,,,,,,,
,,,,,,,/proc/108/cmdline,,,,,,,,,,,,
,,,,,,,/proc/5/stat,,,,,,,,,,,,
,,,,,,,/sys/bus/cpu/devices,,,,,,,,,,,,
,,,,,,,/sys/bus/cpu/devices/cpu0/cache/index3/shared_cpu_map,,,,,,,,,,,,
,,,,,,,/sys/devices/virtual/dmi/id/bios_date,,,,,,,,,,,,
,,,,,,,/etc/nsswitch.conf,,,,,,,,,,,,
,,,,,,,/proc/11/cmdline,,,,,,,,,,,,
,,,,,,,/proc/38/stat,,,,,,,,,,,,
,,,,,,,/lib64/libnss_files.so.2,,,,,,,,,,,,
,,,,,,,/sys/devices/virtual/dmi/id/board_version,,,,,,,,,,,,
,,,,,,,/proc/28/stat,,,,,,,,,,,,
,,,,,,,/proc/7/cmdline,,,,,,,,,,,,
,,,,,,,/sys/bus/cpu/devices/cpu0/topology/core_id,,,,,,,,,,,,
,,,,,,,/proc/105/cmdline,,,,,,,,,,,,
,,,,,,,/sys/devices/system/cpu/possible,,,,,,,,,,,,
,,,,,,,/sys/bus/cpu/devices/cpu0/cache/index3/number_of_sets,,,,,,,,,,,,
,,,,,,,/sys/bus/cpu/devices/cpu0/cache/index8/shared_cpu_map,,,,,,,,,,,,
,,,,,,,/proc/12/cmdline,,,,,,,,,,,,
,,,,,,,/proc/55/stat,,,,,,,,,,,,
,,,,,,,/sys/devices/virtual/dmi/id/product_uuid,,,,,,,,,,,,
,,,,,,,/proc/109/stat,,,,,,,,,,,,
,,,,,,,/proc/138/cmdline,,,,,,,,,,,,
,,,,,,,/proc/140/cmdline,,,,,,,,,,,,
,,,,,,,/lib64/x86_64/x86_64/libresolv.so.2,,,,,,,,,,,,
,,,,,,,/proc/139/stat,,,,,,,,,,,,
,,,,,,,/proc/140/stat,,,,,,,,,,,,
,,,,,,,/sys/bus/cpu/devices/cpu0/cache/index7/shared_cpu_map,,,,,,,,,,,,
,,,,,,,/proc/29/stat,,,,,,,,,,,,
,,,,,,,/proc/36/cmdline,,,,,,,,,,,,
,,,,,,,/proc/cpuinfo,,,,,,,,,,,,
,,,,,,,/proc/20/stat,,,,,,,,,,,,
,,,,,,,/proc/19/stat,,,,,,,,,,,,
,,,,,,,/proc/30/cmdline,,,,,,,,,,,,
,,,,,,,/proc/136/stat,,,,,,,,,,,,
,,,,,,,/proc/34/stat,,,,,,,,,,,,
,,,,,,,/proc/31/stat,,,,,,,,,,,,
,,,,,,,/proc/33/cmdline,,,,,,,,,,,,
,,,,,,,/proc/99/cmdline,,,,,,,,,,,,
,,,,,,,/proc/16/cmdline,,,,,,,,,,,,
,,,,,,,/proc/35/cmdline,,,,,,,,,,,,
,,,,,,,/proc/104/cmdline,,,,,,,,,,,,
,,,,,,,/proc,,,,,,,,,,,,
,,,,,,,/proc/4/cmdline,,,,,,,,,,,,
,,,,,,,/lib64/tls/x86_64/x86_64/libresolv.so.2,,,,,,,,,,,,
,,,,,,,/proc/18/cmdline,,,,,,,,,,,,
,,,,,,,/sys/devices/virtual/dmi/id/sys_vendor,,,,,,,,,,,,
,,,,,,,/sys/bus/cpu/devices/cpu0/cache/index2/type,,,,,,,,,,,,
,,,,,,,/proc/6/stat,,,,,,,,,,,,
,,,,,,,/sys/devices/virtual/dmi/id/chassis_type,,,,,,,,,,,,
,,,,,,,/proc/15/stat,,,,,,,,,,,,
,,,,,,,/root/.cron,,,,,,,,,,,,
,,,,,,,/proc/17/stat,,,,,,,,,,,,
,,,,,,,/proc/16/stat,,,,,,,,,,,,
,,,,,,,/proc/18/stat,,,,,,,,,,,,
,,,,,,,/proc/15/cmdline,,,,,,,,,,,,
,,,,,,,/proc/94/stat,,,,,,,,,,,,
,,,,,,,/proc/1/cmdline,,,,,,,,,,,,
,,,,,,,/proc/9/cmdline,,,,,,,,,,,,
,,,,,,,/sys/bus/cpu/devices/cpu0/cache/index5/shared_cpu_map,,,,,,,,,,,,
,,,,,,,/tmp/.lock,,,,,,,,,,,,
,,,,,,,/sys/devices/virtual/dmi/id,,,,,,,,,,,,
,,,,,,,/lib64/libresolv.so.2,,,,,,,,,,,,
,,,,,,,/proc/141/stat,,,,,,,,,,,,
,,,,,,,/proc/99/stat,,,,,,,,,,,,
,,,,,,,/proc/104/stat,,,,,,,,,,,,
,,,,,,,/proc/2/cmdline,,,,,,,,,,,,
,,,,,,,/sys/bus/cpu/devices/cpu0/cache/index2/coherency_line_size,,,,,,,,,,,,
,,,,,,,/proc/105/stat,,,,,,,,,,,,
,,,,,,,/dev/null,,,,,,,,,,,,
,,,,,,,/sys/bus/cpu/devices/cpu0/topology/core_siblings,,,,,,,,,,,,
,,,,,,,/lib64/libc.so.6,,,,,,,,,,,,
,,,,,,,/proc/28/cmdline,,,,,,,,,,,,
,,,,,,,/sys/devices/virtual/dmi/id/board_serial,,,,,,,,,,,,
,,,,,,,/proc/meminfo,,,,,,,,,,,,
,,,,,,,/proc/58/stat,,,,,,,,,,,,
,,,,,,,/lib64/tls/x86_64/libresolv.so.2,,,,,,,,,,,,
,,,,,,,/sys/bus/cpu/devices/cpu0/cache/index3/physical_line_partition,,,,,,,,,,,,
,,,,,,,/sys/bus/cpu/devices/cpu0/cache/index0/number_of_sets,,,,,,,,,,,,
,,,,,,,/proc/21/stat,,,,,,,,,,,,
,,,,,,,/proc/19/cmdline,,,,,,,,,,,,
,,,,,,,/proc/9/stat,,,,,,,,,,,,
,,,,,,,/sys/devices/virtual/dmi/id/board_vendor,,,,,,,,,,,,
,,,,,,,.cron,,,,,,,,,,,,
,,,,,,,/sys/bus/cpu/devices/cpu0/cache/index2/number_of_sets,,,,,,,,,,,,
,,,,,,,/proc/38/cmdline,,,,,,,,,,,,
,,,,,,,/proc/6/cmdline,,,,,,,,,,,,
,,,,,,,/proc/2/stat,,,,,,,,,,,,
,,,,,,,/proc/30/stat,,,,,,,,,,,,
,,,,,,,/etc/ld.so.cache,,,,,,,,,,,,
,,,,,,,/lib64/x86_64/libresolv.so.2,,,,,,,,,,,,
,,,,,,,/proc/94/cmdline,,,,,,,,,,,,
,,,,,,,/proc/7/stat,,,,,,,,,,,,
,,,,,,,/sys/devices/virtual/dmi/id/chassis_version,,,,,,,,,,,,
,,,,,,,/sys/devices/virtual/dmi/id/chassis_vendor,,,,,,,,,,,,
,,,,,,,/sys/bus/cpu/devices/cpu0/cache/index4/shared_cpu_map,,,,,,,,,,,,
,,,,,,,/sys/bus/cpu/devices/cpu0/cache/index3/size,,,,,,,,,,,,
