,0,1,2,3,4,5,6,7,8,9,10
0,openat,openat,stat,openat,55,,,,,,
1,mprotect,mmap2,mmap2,51,,,,,,,
2,openat,openat,stat,openat,stat,openat,47,,,,
3,openat,openat,stat,openat,stat,openat,stat,openat,47,,
4,openat,openat,stat,openat,stat,openat,stat,openat,stat,openat,47.0
5,openat,stat,openat,stat,openat,47,,,,,
6,openat,stat,openat,stat,openat,stat,openat,stat,openat,stat,47.0
7,stat,openat,stat,openat,stat,openat,stat,openat,stat,openat,47.0
8,access,openat,openat,46,,,,,,,
9,access,openat,openat,stat,openat,46,,,,,
10,access,openat,openat,stat,openat,stat,openat,46,,,
11,access,openat,openat,stat,openat,stat,openat,stat,openat,stat,46.0
12,brk,access,openat,openat,46,,,,,,
13,brk,access,openat,openat,stat,openat,46,,,,
14,brk,access,openat,openat,stat,openat,stat,openat,46,,
15,brk,access,openat,openat,stat,openat,stat,openat,stat,openat,46.0
16,openat,read,fstat,mmap2,39,,,,,,
17,openat,read,fstat,mmap2,mmap2,mprotect,mmap2,39,,,
18,read,fstat,mmap2,mmap2,39,,,,,,
19,fstat,mmap2,mprotect,37,,,,,,,
20,mmap2,mprotect,mmap2,close,37,,,,,,
21,openat,stat,openat,read,fstat,37,,,,,
22,openat,stat,openat,read,fstat,mmap2,mmap2,37,,,
23,openat,stat,openat,stat,openat,read,fstat,37,,,
24,openat,stat,openat,stat,openat,read,fstat,mmap2,mmap2,mprotect,37.0
25,openat,stat,openat,stat,openat,stat,openat,read,37,,
26,openat,stat,openat,stat,openat,stat,openat,read,fstat,mmap2,37.0
27,openat,stat,openat,stat,openat,stat,openat,stat,openat,read,37.0
28,stat,openat,read,fstat,mmap2,37,,,,,
29,stat,openat,read,fstat,mmap2,mmap2,mprotect,37,,,
30,stat,openat,stat,openat,read,fstat,37,,,,
31,stat,openat,stat,openat,read,fstat,mmap2,mmap2,37,,
32,stat,openat,stat,openat,read,fstat,mmap2,mmap2,mprotect,mmap2,37.0
33,stat,openat,stat,openat,stat,openat,read,fstat,37,,
34,stat,openat,stat,openat,stat,openat,read,fstat,mmap2,mmap2,37.0
35,stat,openat,stat,openat,stat,openat,stat,openat,read,fstat,37.0
36,mmap2,mmap2,close,openat,36,,,,,,
37,close,munmap,35,,,,,,,,
38,close,openat,read,fstat,35,,,,,,
39,close,openat,read,fstat,mmap2,mprotect,mmap2,35,,,
40,fstat,mmap2,mprotect,mmap2,mmap2,35,,,,,
41,mmap2,close,openat,read,35,,,,,,
42,mmap2,close,openat,read,fstat,mmap2,35,,,,
43,set_robust_list,rt_sigaction,rt_sigaction,rt_sigprocmask,35,,,,,,
44,set_tid_address,set_robust_list,rt_sigaction,35,,,,,,,
45,mmap2,mmap2,close,openat,read,fstat,34,,,,
46,mmap2,mprotect,mmap2,mmap2,close,openat,read,34,,,
47,mmap2,mprotect,mmap2,mmap2,close,openat,read,fstat,mmap2,mprotect,34.0
48,mprotect,mmap2,mmap2,close,openat,read,34,,,,
49,mprotect,mmap2,mmap2,close,openat,read,fstat,mmap2,34,,
50,mprotect,mmap2,mmap2,close,openat,read,fstat,mmap2,mprotect,mmap2,34.0
51,close,openat,read,fstat,mmap2,mprotect,mmap2,mmap2,close,mmap2,33.0
52,mmap2,close,mmap2,33,,,,,,,
53,mmap2,close,openat,read,fstat,mmap2,mprotect,mmap2,mmap2,close,33.0
54,mmap2,mprotect,mmap2,mmap2,close,mmap2,33,,,,
55,mprotect,mmap2,close,openat,33,,,,,,
56,mprotect,mmap2,mmap2,close,mmap2,33,,,,,
57,openat,read,fstat,mmap2,mprotect,mmap2,mmap2,33,,,
58,read,fstat,mmap2,mprotect,mmap2,mmap2,close,mmap2,33,,
59,arch_prctl,mprotect,mprotect,31,,,,,,,
60,fstat,fstat,31,,,,,,,,
61,mmap2,arch_prctl,mprotect,31,,,,,,,
62,mmap2,arch_prctl,mprotect,mprotect,mprotect,31,,,,,
63,mmap2,mprotect,mmap2,close,openat,read,31,,,,
64,mmap2,mprotect,mmap2,close,openat,read,fstat,mmap2,31,,
65,mmap2,mprotect,mmap2,close,openat,read,fstat,mmap2,mprotect,mmap2,31.0
66,mprotect,mmap2,close,openat,read,fstat,31,,,,
67,lseek,read,close,30,,,,,,,
68,read,lseek,read,close,30,,,,,,
69,fstat,read,lseek,29,,,,,,,
70,fstat,read,lseek,read,close,29,,,,,
71,fstat,write,29,,,,,,,,
72,mprotect,mmap2,close,openat,read,fstat,mmap2,mprotect,mmap2,mmap2,29.0
73,mprotect,set_tid_address,set_robust_list,29,,,,,,,
74,mprotect,set_tid_address,set_robust_list,rt_sigaction,rt_sigaction,29,,,,,
75,rt_sigaction,rt_sigprocmask,prlimit64,29,,,,,,,
76,brk,brk,brk,brk,brk,brk,brk,brk,brk,brk,28.0
77,fstat,fstat,read,lseek,28,,,,,,
78,fstat,fstat,read,lseek,read,close,28,,,,
79,geteuid,getgid,getegid,28,,,,,,,
80,getgid,getegid,28,,,,,,,,
81,getuid,geteuid,getgid,getegid,28,,,,,,
82,mprotect,mprotect,mprotect,mprotect,set_tid_address,set_robust_list,28,,,,
83,mprotect,mprotect,mprotect,mprotect,set_tid_address,set_robust_list,rt_sigaction,rt_sigaction,28,,
84,mprotect,mprotect,mprotect,mprotect,set_tid_address,set_robust_list,rt_sigaction,rt_sigaction,rt_sigprocmask,prlimit64,28.0
85,mprotect,mprotect,mprotect,set_tid_address,set_robust_list,28,,,,,
86,mprotect,mprotect,mprotect,set_tid_address,set_robust_list,rt_sigaction,rt_sigaction,28,,,
87,mprotect,mprotect,set_tid_address,set_robust_list,28,,,,,,
88,mprotect,mprotect,set_tid_address,set_robust_list,rt_sigaction,rt_sigaction,28,,,,
89,close,mmap2,arch_prctl,27,,,,,,,
90,close,mmap2,arch_prctl,mprotect,mprotect,27,,,,,
91,fcntl,fcntl,27,,,,,,,,
92,fstat,mmap2,mprotect,mmap2,mmap2,close,mmap2,arch_prctl,27,,
93,fstat,mmap2,mprotect,mmap2,mmap2,close,mmap2,arch_prctl,mprotect,mprotect,27.0
94,mmap2,close,mmap2,arch_prctl,mprotect,27,,,,,
95,mmap2,close,mmap2,arch_prctl,mprotect,mprotect,mprotect,27,,,
96,mmap2,mmap2,close,mmap2,arch_prctl,27,,,,,
97,mmap2,mmap2,close,mmap2,arch_prctl,mprotect,mprotect,27,,,
98,mmap2,mprotect,mmap2,mmap2,close,mmap2,arch_prctl,mprotect,27,,
99,mmap2,mprotect,mmap2,mmap2,close,mmap2,arch_prctl,mprotect,mprotect,mprotect,27.0
100,mprotect,mmap2,mmap2,close,mmap2,arch_prctl,mprotect,27,,,
101,mprotect,mmap2,mmap2,close,mmap2,arch_prctl,mprotect,mprotect,mprotect,mprotect,27.0
102,mprotect,mprotect,mprotect,mprotect,mprotect,set_tid_address,27,,,,
103,mprotect,mprotect,mprotect,mprotect,mprotect,set_tid_address,set_robust_list,rt_sigaction,27,,
104,mprotect,mprotect,mprotect,mprotect,mprotect,set_tid_address,set_robust_list,rt_sigaction,rt_sigaction,rt_sigprocmask,27.0
105,openat,read,fstat,mmap2,mprotect,mmap2,mmap2,close,mmap2,arch_prctl,27.0
106,read,fstat,mmap2,mprotect,mmap2,mmap2,close,mmap2,arch_prctl,mprotect,27.0
107,close,exit_group,26,,,,,,,,
108,brk,brk,getuid,geteuid,25,,,,,,
109,brk,getuid,geteuid,25,,,,,,,
110,mmap2,mmap2,close,mmap2,arch_prctl,mprotect,mprotect,mprotect,mprotect,mprotect,25.0
111,openat,fstat,fstat,read,25,,,,,,
112,openat,fstat,fstat,read,lseek,read,close,25,,,
113,brk,brk,brk,brk,brk,brk,brk,brk,brk,getuid,24.0
114,brk,brk,brk,brk,brk,brk,brk,brk,getuid,geteuid,24.0
115,brk,brk,brk,brk,brk,brk,brk,getuid,24,,
116,brk,brk,brk,brk,brk,brk,brk,getuid,geteuid,getgid,24.0
117,brk,brk,brk,brk,brk,brk,getuid,geteuid,24,,
118,brk,brk,brk,brk,brk,brk,getuid,geteuid,getgid,getegid,24.0
119,brk,brk,brk,brk,brk,getuid,geteuid,24,,,
120,brk,brk,brk,brk,getuid,geteuid,24,,,,
121,brk,brk,brk,getuid,geteuid,24,,,,,
122,mmap2,mmap2,mprotect,mmap2,mmap2,24,,,,,
123,openat,read,fstat,mmap2,mmap2,mprotect,mmap2,mmap2,close,openat,24.0
124,read,fstat,mmap2,mmap2,mprotect,mmap2,mmap2,24,,,
125,brk,brk,brk,brk,brk,getuid,geteuid,getgid,getegid,open,23.0
126,brk,brk,brk,brk,getuid,geteuid,getgid,getegid,open,brk,23.0
127,brk,brk,getuid,geteuid,getgid,getegid,open,23,,,
128,fstat,mmap2,mprotect,mmap2,close,openat,23,,,,
129,getegid,open,brk,23,,,,,,,
130,getuid,geteuid,getgid,getegid,open,brk,23,,,,
131,mmap2,close,openat,read,fstat,mmap2,mprotect,mmap2,close,openat,23.0
132,open,brk,brk,brk,brk,23,,,,,
133,open,brk,brk,brk,brk,brk,brk,23,,,
134,open,brk,brk,brk,brk,brk,brk,brk,brk,brk,23.0
135,read,fstat,mmap2,mprotect,mmap2,close,openat,23,,,
136,rt_sigprocmask,rt_sigaction,23,,,,,,,,
137,brk,brk,brk,getuid,geteuid,getgid,getegid,open,brk,brk,22.0
138,brk,brk,getuid,geteuid,getgid,getegid,open,brk,brk,brk,22.0
139,brk,getuid,geteuid,getgid,getegid,open,brk,brk,22,,
140,brk,getuid,geteuid,getgid,getegid,open,brk,brk,brk,brk,22.0
141,close,openat,read,fstat,mmap2,mprotect,mmap2,close,openat,read,22.0
142,fstat,mmap2,mmap2,mprotect,mmap2,mmap2,close,openat,read,fstat,22.0
143,fstat,mmap2,mprotect,mmap2,close,openat,read,fstat,mmap2,mprotect,22.0
144,getegid,open,brk,brk,brk,brk,brk,22,,,
145,getegid,open,brk,brk,brk,brk,brk,brk,brk,brk,22.0
146,geteuid,getgid,getegid,open,brk,brk,brk,brk,22,,
147,geteuid,getgid,getegid,open,brk,brk,brk,brk,brk,brk,22.0
148,getgid,getegid,open,brk,brk,brk,22,,,,
149,getgid,getegid,open,brk,brk,brk,brk,brk,brk,brk,22.0
150,getuid,geteuid,getgid,getegid,open,brk,brk,brk,brk,brk,22.0
151,mmap2,mmap2,close,openat,read,fstat,mmap2,mprotect,mmap2,close,22.0
152,mmap2,mmap2,mprotect,mmap2,mmap2,close,openat,read,fstat,mmap2,22.0
153,mprotect,mmap2,close,openat,read,fstat,mmap2,mprotect,mmap2,close,22.0
154,open,read,22,,,,,,,,
155,openat,read,fstat,mmap2,mprotect,mmap2,close,openat,read,fstat,22.0
156,openat,stat,openat,read,fstat,mmap2,mmap2,mprotect,mmap2,mmap2,22.0
157,pipe2,eventfd2,22,,,,,,,,
158,read,fstat,mmap2,mmap2,mprotect,mmap2,mmap2,close,openat,read,22.0
159,read,fstat,mmap2,mprotect,mmap2,close,openat,read,fstat,mmap2,22.0
160,read,rt_sigaction,write,rt_sigprocmask,rt_sigprocmask,22,,,,,
161,read,rt_sigaction,write,rt_sigprocmask,rt_sigprocmask,read,rt_sigaction,22,,,
162,rt_sigaction,write,rt_sigprocmask,rt_sigprocmask,22,,,,,,
163,rt_sigaction,write,rt_sigprocmask,rt_sigprocmask,read,rt_sigaction,22,,,,
164,rt_sigaction,write,rt_sigprocmask,rt_sigprocmask,read,rt_sigaction,write,rt_sigprocmask,rt_sigprocmask,read,22.0
165,rt_sigprocmask,read,rt_sigaction,22,,,,,,,
166,rt_sigprocmask,read,rt_sigaction,write,rt_sigprocmask,rt_sigprocmask,read,22,,,
167,rt_sigprocmask,read,rt_sigaction,write,rt_sigprocmask,rt_sigprocmask,read,rt_sigaction,write,rt_sigprocmask,22.0
168,rt_sigprocmask,rt_sigprocmask,read,rt_sigaction,write,rt_sigprocmask,rt_sigprocmask,22,,,
169,rt_sigprocmask,rt_sigprocmask,read,rt_sigaction,write,rt_sigprocmask,rt_sigprocmask,read,rt_sigaction,write,22.0
170,stat,openat,read,fstat,mmap2,mmap2,mprotect,mmap2,mmap2,close,22.0
171,write,futex,22,,,,,,,,
172,write,rt_sigprocmask,rt_sigprocmask,read,rt_sigaction,22,,,,,
173,write,rt_sigprocmask,rt_sigprocmask,read,rt_sigaction,write,rt_sigprocmask,rt_sigprocmask,read,rt_sigaction,22.0
174,brk,brk,brk,brk,brk,brk,brk,brk,brk,open,21.0
175,brk,brk,brk,brk,brk,brk,open,21,,,
176,epoll_ctl,epoll_ctl,21,,,,,,,,
177,futex,futex,futex,futex,futex,futex,20,,,,
178,mmap2,mmap2,mmap2,19,,,,,,,
179,mprotect,mprotect,mprotect,mprotect,mprotect,mprotect,set_tid_address,19,,,
180,mprotect,mprotect,mprotect,mprotect,mprotect,mprotect,set_tid_address,set_robust_list,rt_sigaction,rt_sigaction,19.0
181,arch_prctl,set_tid_address,brk,brk,brk,brk,brk,brk,18,,
182,arch_prctl,set_tid_address,brk,brk,brk,brk,brk,brk,brk,brk,18.0
183,brk,futex,futex,18,,,,,,,
184,close,write,18,,,,,,,,
185,getdents,close,openat,18,,,,,,,
186,mprotect,set_tid_address,set_robust_list,rt_sigaction,rt_sigaction,rt_sigprocmask,prlimit64,brk,brk,18,
187,prlimit64,brk,brk,18,,,,,,,
188,read,rt_sigaction,write,rt_sigprocmask,rt_sigaction,18,,,,,
189,read,rt_sigaction,write,rt_sigprocmask,rt_sigprocmask,read,rt_sigaction,write,rt_sigprocmask,rt_sigaction,18.0
190,read,rt_sigaction,write,rt_sigprocmask,rt_sigprocmask,read,rt_sigaction,write,rt_sigprocmask,rt_sigprocmask,18.0
191,rt_sigaction,rt_sigaction,rt_sigprocmask,prlimit64,brk,brk,18,,,,
192,rt_sigaction,rt_sigprocmask,prlimit64,brk,brk,18,,,,,
193,rt_sigaction,write,rt_sigprocmask,rt_sigaction,18,,,,,,
194,rt_sigaction,write,rt_sigprocmask,rt_sigprocmask,read,rt_sigaction,write,rt_sigprocmask,rt_sigaction,18,
195,rt_sigprocmask,prlimit64,brk,brk,18,,,,,,
196,rt_sigprocmask,read,rt_sigaction,write,rt_sigprocmask,rt_sigaction,18,,,,
197,rt_sigprocmask,rt_sigprocmask,read,rt_sigaction,write,rt_sigprocmask,rt_sigaction,18,,,
198,set_robust_list,rt_sigaction,rt_sigaction,rt_sigprocmask,prlimit64,brk,brk,18,,,
199,set_tid_address,brk,brk,brk,brk,brk,brk,18,,,
200,set_tid_address,brk,brk,brk,brk,brk,brk,brk,brk,brk,18.0
201,set_tid_address,set_robust_list,rt_sigaction,rt_sigaction,rt_sigprocmask,prlimit64,brk,brk,18,,
202,socket,bind,18,,,,,,,,
203,write,rt_sigprocmask,rt_sigaction,18,,,,,,,
204,write,rt_sigprocmask,rt_sigprocmask,read,rt_sigaction,write,rt_sigprocmask,rt_sigaction,18,,
205,arch_prctl,mprotect,mprotect,mprotect,mprotect,mprotect,mprotect,mprotect,17,,
206,brk,brk,brk,brk,brk,brk,brk,brk,open,open,17.0
207,brk,brk,brk,brk,brk,brk,brk,open,open,brk,17.0
208,brk,brk,brk,brk,brk,brk,open,open,brk,brk,17.0
209,brk,brk,brk,brk,brk,open,open,17,,,
210,brk,brk,brk,brk,brk,open,open,brk,brk,writev,17.0
211,brk,brk,brk,brk,open,open,17,,,,
212,brk,brk,brk,open,ioctl,17,,,,,
213,brk,brk,brk,open,ioctl,writev,close,17,,,
214,brk,brk,brk,open,ioctl,writev,close,writev,writev,writev,17.0
215,brk,brk,brk,open,open,brk,17,,,,
216,brk,brk,open,ioctl,writev,close,writev,17,,,
217,brk,brk,open,ioctl,writev,close,writev,writev,writev,writev,17.0
218,brk,open,ioctl,writev,close,17,,,,,
219,brk,open,ioctl,writev,close,writev,writev,17,,,
220,brk,open,ioctl,writev,close,writev,writev,writev,writev,writev,17.0
221,brk,open,open,brk,17,,,,,,
222,close,writev,writev,writev,writev,17,,,,,
223,close,writev,writev,writev,writev,writev,writev,17,,,
224,close,writev,writev,writev,writev,writev,writev,writev,writev,writev,17.0
225,futex,openat,17,,,,,,,,
226,ioctl,writev,close,writev,17,,,,,,
227,ioctl,writev,close,writev,writev,writev,writev,writev,17,,
228,ioctl,writev,close,writev,writev,writev,writev,writev,writev,writev,17.0
229,mmap2,arch_prctl,mprotect,mprotect,mprotect,mprotect,mprotect,mprotect,mprotect,17,
230,mmap2,mmap2,mprotect,mmap2,mprotect,mmap2,17,,,,
231,mprotect,mprotect,mprotect,set_tid_address,set_robust_list,rt_sigaction,rt_sigaction,rt_sigprocmask,prlimit64,brk,17.0
232,mprotect,mprotect,set_tid_address,set_robust_list,rt_sigaction,rt_sigaction,rt_sigprocmask,prlimit64,brk,brk,17.0
233,open,ioctl,writev,close,writev,17,,,,,
234,open,ioctl,writev,close,writev,writev,writev,17,,,
235,open,ioctl,writev,close,writev,writev,writev,writev,writev,writev,17.0
236,open,open,brk,brk,writev,17,,,,,
237,openat,openat,openat,openat,openat,openat,openat,17,,,
238,read,mmap2,mprotect,17,,,,,,,
239,readlink,mmap2,mmap2,mprotect,mmap2,17,,,,,
240,readlink,mmap2,mmap2,mprotect,mmap2,mprotect,mmap2,17,,,
241,recvfrom,close,17,,,,,,,,
242,write,mmap2,17,,,,,,,,
243,write,rt_sigreturn,17,,,,,,,,
244,write,write,rt_sigreturn,17,,,,,,,
245,writev,close,writev,writev,17,,,,,,
246,writev,close,writev,writev,writev,writev,writev,writev,17,,
247,writev,close,writev,writev,writev,writev,writev,writev,writev,writev,17.0
248,writev,writev,writev,writev,17,,,,,,
249,writev,writev,writev,writev,writev,writev,writev,writev,17,,
250,writev,writev,writev,writev,writev,writev,writev,writev,writev,writev,17.0
251,brk,brk,brk,brk,open,open,brk,brk,writev,readv,16.0
252,brk,brk,brk,open,open,brk,brk,writev,readv,brk,16.0
253,brk,brk,open,open,brk,brk,writev,readv,16,,
254,brk,brk,open,open,brk,brk,writev,readv,brk,brk,16.0
255,brk,brk,writev,readv,brk,16,,,,,
256,brk,brk,writev,readv,brk,brk,brk,16,,,
257,brk,brk,writev,readv,brk,brk,brk,open,ioctl,writev,16.0
258,brk,open,open,brk,brk,writev,readv,16,,,
259,brk,open,open,brk,brk,writev,readv,brk,brk,brk,16.0
260,brk,writev,readv,brk,brk,16,,,,,
261,brk,writev,readv,brk,brk,brk,open,16,,,
262,brk,writev,readv,brk,brk,brk,open,ioctl,writev,close,16.0
263,close,fstat,write,16,,,,,,,
264,close,openat,fstat,fcntl,16,,,,,,
265,close,openat,openat,openat,openat,16,,,,,
266,close,openat,openat,openat,openat,openat,openat,16,,,
267,close,openat,openat,openat,openat,openat,openat,openat,read,close,16.0
268,close,openat,read,close,openat,openat,openat,16,,,
269,close,openat,read,close,openat,openat,openat,openat,openat,openat,16.0
270,close,openat,read,close,openat,read,close,openat,openat,openat,16.0
271,close,openat,read,close,openat,read,close,openat,read,close,16.0
272,close,sched_getaffinity,sched_getaffinity,16,,,,,,,
273,epoll_ctl,close,16,,,,,,,,
274,fstat,fcntl,16,,,,,,,,
275,mmap2,close,mmap2,arch_prctl,mprotect,mprotect,mprotect,mprotect,mprotect,mprotect,16.0
276,mmap2,mmap2,mprotect,readlink,mmap2,mmap2,16,,,,
277,mmap2,mmap2,mprotect,readlink,mmap2,mmap2,mprotect,mmap2,mprotect,mmap2,16.0
278,mmap2,mprotect,readlink,mmap2,mmap2,mprotect,16,,,,
279,mmap2,mprotect,readlink,mmap2,mmap2,mprotect,mmap2,mprotect,mmap2,16,
280,mprotect,readlink,mmap2,mmap2,mprotect,16,,,,,
281,mprotect,readlink,mmap2,mmap2,mprotect,mmap2,mprotect,mmap2,16,,
282,open,brk,brk,writev,readv,16,,,,,
283,open,brk,brk,writev,readv,brk,brk,16,,,
284,open,brk,brk,writev,readv,brk,brk,brk,open,ioctl,16.0
285,open,mmap2,mmap2,mprotect,readlink,mmap2,16,,,,
286,open,mmap2,mmap2,mprotect,readlink,mmap2,mmap2,mprotect,mmap2,mprotect,16.0
287,open,open,brk,brk,writev,readv,brk,16,,,
288,open,open,brk,brk,writev,readv,brk,brk,brk,open,16.0
289,openat,fstat,fcntl,16,,,,,,,
290,openat,openat,openat,openat,openat,openat,openat,read,close,openat,16.0
291,openat,openat,openat,openat,openat,openat,read,16,,,
292,openat,openat,openat,openat,openat,openat,read,close,openat,read,16.0
293,openat,openat,openat,openat,openat,read,close,16,,,
294,openat,openat,openat,openat,openat,read,close,openat,read,close,16.0
295,openat,openat,openat,openat,read,close,openat,16,,,
296,openat,openat,openat,openat,read,close,openat,read,close,openat,16.0
297,openat,openat,openat,read,close,openat,read,16,,,
298,openat,openat,openat,read,close,openat,read,close,openat,read,16.0
299,openat,openat,read,close,openat,read,16,,,,
300,openat,openat,read,close,openat,read,close,openat,read,close,16.0
301,openat,read,close,openat,fstat,fcntl,16,,,,
302,openat,read,close,openat,openat,openat,openat,openat,16,,
303,openat,read,close,openat,openat,openat,openat,openat,openat,openat,16.0
304,openat,read,close,openat,read,close,16,,,,
305,openat,read,close,openat,read,close,openat,openat,openat,openat,16.0
306,openat,read,close,openat,read,close,openat,read,close,openat,16.0
307,openat,stat,openat,stat,openat,stat,openat,stat,writev,exit_group,16.0
308,openat,stat,openat,stat,openat,stat,writev,exit_group,16,,
309,openat,stat,openat,stat,writev,exit_group,16,,,,
310,openat,stat,writev,exit_group,16,,,,,,
311,read,close,openat,fstat,fcntl,16,,,,,
312,read,close,openat,openat,openat,openat,openat,16,,,
313,read,close,openat,openat,openat,openat,openat,openat,openat,read,16.0
314,read,close,openat,read,close,openat,openat,16,,,
315,read,close,openat,read,close,openat,openat,openat,openat,openat,16.0
316,read,close,openat,read,close,openat,read,close,openat,openat,16.0
317,read,close,openat,read,close,openat,read,close,openat,read,16.0
318,read,write,write,rt_sigreturn,16,,,,,,
319,readv,brk,brk,brk,open,16,,,,,
320,readv,brk,brk,brk,open,ioctl,writev,16,,,
321,readv,brk,brk,brk,open,ioctl,writev,close,writev,writev,16.0
322,sched_getaffinity,sched_getaffinity,sched_setaffinity,sched_setaffinity,16,,,,,,
323,sched_getaffinity,sched_setaffinity,sched_setaffinity,16,,,,,,,
324,sched_setaffinity,sched_setaffinity,16,,,,,,,,
325,socket,setsockopt,setsockopt,setsockopt,16,,,,,,
326,stat,openat,stat,openat,stat,openat,stat,openat,stat,writev,16.0
327,stat,openat,stat,openat,stat,openat,stat,writev,exit_group,16,
328,stat,openat,stat,openat,stat,writev,exit_group,16,,,
329,stat,openat,stat,writev,exit_group,16,,,,,
330,stat,writev,exit_group,16,,,,,,,
331,writev,exit_group,16,,,,,,,,
332,writev,readv,brk,brk,brk,16,,,,,
333,writev,readv,brk,brk,brk,open,ioctl,16,,,
334,writev,readv,brk,brk,brk,open,ioctl,writev,close,writev,16.0
335,brk,openat,read,close,15,,,,,,
336,close,futex,futex,futex,futex,15,,,,,
337,close,sched_getaffinity,sched_getaffinity,sched_setaffinity,sched_setaffinity,15,,,,,
338,fcntl,read,15,,,,,,,,
339,futex,futex,openat,15,,,,,,,
340,mmap2,mmap2,close,openat,read,fstat,mmap2,mprotect,mmap2,mmap2,15.0
341,openat,stat,openat,read,fstat,mmap2,mmap2,mprotect,mmap2,close,15.0
342,openat,write,15,,,,,,,,
343,setsid,chdir,15,,,,,,,,
344,stat,openat,read,fstat,mmap2,mmap2,mprotect,mmap2,close,openat,15.0
345,write,openat,15,,,,,,,,
346,close,close,exit_group,14,,,,,,,
347,close,open,fcntl,14,,,,,,,
348,connect,epoll_ctl,14,,,,,,,,
349,mmap2,mprotect,brk,14,,,,,,,
350,mprotect,brk,14,,,,,,,,
351,mprotect,mprotect,mprotect,mprotect,mprotect,mprotect,mprotect,set_tid_address,set_robust_list,rt_sigaction,14.0
352,open,fcntl,14,,,,,,,,
353,openat,fcntl,14,,,,,,,,
354,openat,fstat,read,read,close,14,,,,,
355,read,close,stat,14,,,,,,,
356,setsockopt,connect,epoll_ctl,14,,,,,,,
357,close,close,close,close,13,,,,,,
358,close,mmap2,arch_prctl,mprotect,mprotect,mprotect,mprotect,mprotect,mprotect,mprotect,13.0
359,close,munmap,arch_prctl,set_tid_address,13,,,,,,
360,close,openat,openat,read,close,openat,read,13,,,
361,close,openat,openat,read,close,openat,read,close,openat,13,
362,close,openat,read,close,openat,openat,read,close,openat,read,13.0
363,close,openat,read,close,openat,read,close,openat,openat,read,13.0
364,faccessat,faccessat,faccessat,faccessat,faccessat,faccessat,13,,,,
365,faccessat,faccessat,faccessat,faccessat,faccessat,uname,13,,,,
366,faccessat,faccessat,faccessat,faccessat,uname,13,,,,,
367,faccessat,faccessat,faccessat,uname,13,,,,,,
368,faccessat,faccessat,uname,13,,,,,,,
369,faccessat,getdents,close,openat,13,,,,,,
370,faccessat,uname,13,,,,,,,,
371,fcntl,close,openat,read,close,13,,,,,
372,fcntl,close,openat,read,close,openat,read,13,,,
373,fcntl,close,openat,read,close,openat,read,close,openat,read,13.0
374,fcntl,getdents,faccessat,getdents,close,13,,,,,
375,futex,futex,futex,futex,futex,futex,futex,futex,futex,13,
376,futex,open,13,,,,,,,,
377,getdents,faccessat,getdents,close,13,,,,,,
378,lseek,write,13,,,,,,,,
379,lstat,unlink,13,,,,,,,,
380,mmap2,close,munmap,arch_prctl,set_tid_address,13,,,,,
381,mmap2,openat,13,,,,,,,,
382,mprotect,mmap2,mprotect,mmap2,mmap2,close,13,,,,
383,munmap,arch_prctl,set_tid_address,13,,,,,,,
384,munmap,close,13,,,,,,,,
385,open,fstat,mmap2,13,,,,,,,
386,openat,read,close,openat,openat,read,close,13,,,
387,openat,read,close,openat,openat,read,close,openat,read,close,13.0
388,openat,read,close,openat,read,close,openat,openat,read,close,13.0
389,read,brk,13,,,,,,,,
390,read,close,fstat,write,13,,,,,,
391,read,close,openat,openat,read,close,openat,read,13,,
392,read,close,openat,openat,read,close,openat,read,close,openat,13.0
393,read,close,openat,read,close,openat,openat,read,close,openat,13.0
394,read,rt_sigprocmask,rt_sigaction,write,13,,,,,,
395,read,rt_sigprocmask,rt_sigaction,write,rt_sigprocmask,rt_sigprocmask,read,rt_sigaction,13,,
396,read,rt_sigprocmask,rt_sigaction,write,rt_sigprocmask,rt_sigprocmask,read,rt_sigaction,write,rt_sigprocmask,13.0
397,readlink,open,open,13,,,,,,,
398,rt_sigprocmask,read,rt_sigprocmask,rt_sigaction,write,rt_sigprocmask,13,,,,
399,rt_sigprocmask,read,rt_sigprocmask,rt_sigaction,write,rt_sigprocmask,rt_sigprocmask,read,rt_sigaction,write,13.0
400,rt_sigprocmask,rt_sigaction,write,rt_sigprocmask,rt_sigprocmask,read,13,,,,
401,rt_sigprocmask,rt_sigaction,write,rt_sigprocmask,rt_sigprocmask,read,rt_sigaction,write,rt_sigprocmask,rt_sigprocmask,13.0
402,sched_getaffinity,openat,13,,,,,,,,
403,brk,brk,open,read,12,,,,,,
404,brk,brk,openat,read,close,12,,,,,
405,brk,close,12,,,,,,,,
406,brk,open,read,12,,,,,,,
407,clone,futex,12,,,,,,,,
408,close,brk,12,,,,,,,,
409,close,openat,fstat,read,read,close,12,,,,
410,close,openat,read,fstat,mmap2,mprotect,mmap2,mmap2,close,openat,12.0
411,close,socket,bind,12,,,,,,,
412,fstat,mmap2,mprotect,mmap2,mmap2,close,openat,read,fstat,mmap2,12.0
413,fstat,read,read,close,openat,12,,,,,
414,fstatat,openat,12,,,,,,,,
415,futex,brk,brk,12,,,,,,,
416,futex,futex,open,12,,,,,,,
417,getpid,openat,12,,,,,,,,
418,mmap2,mprotect,mmap2,mprotect,mmap2,mmap2,12,,,,
419,mmap2,mprotect,mmap2,mprotect,mmap2,mmap2,close,munmap,12,,
420,mmap2,munmap,munmap,mprotect,12,,,,,,
421,munmap,mprotect,12,,,,,,,,
422,munmap,munmap,mprotect,12,,,,,,,
423,openat,futex,12,,,,,,,,
424,openat,lseek,fstat,12,,,,,,,
425,openat,openat,fstat,fstat,read,12,,,,,
426,openat,openat,fstat,fstat,read,lseek,read,close,12,,
427,openat,read,close,mmap2,12,,,,,,
428,openat,read,fstat,mmap2,mprotect,mmap2,mmap2,close,openat,read,12.0
429,read,close,mmap2,12,,,,,,,
430,read,close,sched_getaffinity,sched_getaffinity,sched_setaffinity,sched_setaffinity,12,,,,
431,read,fstat,mmap2,mprotect,mmap2,mmap2,close,openat,read,fstat,12.0
432,read,read,close,open,12,,,,,,
433,rt_sigaction,rt_sigaction,rt_sigaction,12,,,,,,,
434,rt_sigprocmask,clone,12,,,,,,,,
435,rt_sigprocmask,mmap2,mprotect,12,,,,,,,
436,setsockopt,setsockopt,connect,epoll_ctl,12,,,,,,
437,setsockopt,setsockopt,setsockopt,connect,epoll_ctl,12,,,,,
438,write,close,12,,,,,,,,
439,write,write,write,write,12,,,,,,
440,arch_prctl,set_tid_address,brk,brk,open,read,11,,,,
441,arch_prctl,set_tid_address,exit_group,11,,,,,,,
442,brk,brk,mmap2,11,,,,,,,
443,brk,getpid,11,,,,,,,,
444,brk,mmap2,brk,11,,,,,,,
445,brk,mmap2,mprotect,brk,11,,,,,,
446,brk,sched_getaffinity,11,,,,,,,,
447,clock_getres,epoll_create1,pipe2,write,pipe2,eventfd2,rt_sigprocmask,11,,,
448,clock_getres,epoll_create1,pipe2,write,pipe2,eventfd2,rt_sigprocmask,read,rt_sigprocmask,rt_sigaction,11.0
449,clone,mmap2,mprotect,11,,,,,,,
450,clone,mmap2,mprotect,clone,mmap2,mprotect,11,,,,
451,clone,rt_sigprocmask,11,,,,,,,,
452,close,close,pipe2,11,,,,,,,
453,close,close,pipe2,write,setsid,chdir,11,,,,
454,close,ioctl,writev,11,,,,,,,
455,close,pipe2,write,setsid,chdir,11,,,,,
456,close,socket,connect,11,,,,,,,
457,close,stat,stat,stat,11,,,,,,
458,close,uname,11,,,,,,,,
459,connect,close,socket,11,,,,,,,
460,epoll_create1,pipe2,write,pipe2,eventfd2,11,,,,,
461,epoll_create1,pipe2,write,pipe2,eventfd2,rt_sigprocmask,read,11,,,
462,epoll_create1,pipe2,write,pipe2,eventfd2,rt_sigprocmask,read,rt_sigprocmask,rt_sigaction,write,11.0
463,eventfd2,rt_sigprocmask,read,rt_sigprocmask,rt_sigaction,write,11,,,,
464,eventfd2,rt_sigprocmask,read,rt_sigprocmask,rt_sigaction,write,rt_sigprocmask,rt_sigprocmask,read,rt_sigaction,11.0
465,fstat,mmap2,close,11,,,,,,,
466,fstat,mmap2,mmap2,mprotect,mmap2,close,openat,read,11,,
467,fstat,mmap2,mmap2,mprotect,mmap2,close,openat,read,fstat,mmap2,11.0
468,futex,futex,brk,brk,11,,,,,,
469,futex,futex,futex,openat,11,,,,,,
470,futex,sysinfo,11,,,,,,,,
471,lseek,fstat,write,11,,,,,,,
472,mmap2,brk,mmap2,11,,,,,,,
473,mmap2,close,openat,openat,11,,,,,,
474,mmap2,mmap2,close,munmap,arch_prctl,set_tid_address,11,,,,
475,mmap2,mmap2,mprotect,mmap2,close,openat,read,11,,,
476,mmap2,mmap2,mprotect,mmap2,close,openat,read,fstat,mmap2,mprotect,11.0
477,mmap2,mprotect,clone,futex,11,,,,,,
478,mmap2,mprotect,clone,mmap2,mprotect,11,,,,,
479,mmap2,mprotect,clone,mmap2,mprotect,clone,mmap2,mprotect,11,,
480,mmap2,mprotect,futex,futex,11,,,,,,
481,mmap2,mprotect,mmap2,mmap2,close,munmap,arch_prctl,set_tid_address,11,,
482,mmap2,mprotect,mmap2,mprotect,mmap2,mmap2,close,munmap,arch_prctl,set_tid_address,11.0
483,mprotect,clone,futex,11,,,,,,,
484,mprotect,clone,mmap2,mprotect,clone,11,,,,,
485,mprotect,clone,mmap2,mprotect,clone,mmap2,mprotect,11,,,
486,mprotect,futex,futex,11,,,,,,,
487,mprotect,mmap2,mmap2,close,munmap,arch_prctl,set_tid_address,11,,,
488,mprotect,mmap2,mprotect,mmap2,mmap2,close,munmap,arch_prctl,set_tid_address,11,
489,munmap,exit_group,11,,,,,,,,
490,openat,openat,openat,stat,openat,11,,,,,
491,openat,read,fstat,mmap2,mmap2,mprotect,mmap2,close,openat,read,11.0
492,pipe2,eventfd2,rt_sigprocmask,read,rt_sigprocmask,rt_sigaction,write,11,,,
493,pipe2,eventfd2,rt_sigprocmask,read,rt_sigprocmask,rt_sigaction,write,rt_sigprocmask,rt_sigprocmask,read,11.0
494,pipe2,write,pipe2,eventfd2,rt_sigprocmask,11,,,,,
495,pipe2,write,pipe2,eventfd2,rt_sigprocmask,read,rt_sigprocmask,11,,,
496,pipe2,write,pipe2,eventfd2,rt_sigprocmask,read,rt_sigprocmask,rt_sigaction,write,rt_sigprocmask,11.0
497,pipe2,write,setsid,chdir,11,,,,,,
498,read,close,open,fcntl,11,,,,,,
499,read,close,uname,11,,,,,,,
500,read,fstat,mmap2,mmap2,mprotect,mmap2,close,openat,read,fstat,11.0
501,read,read,close,openat,read,11,,,,,
502,set_tid_address,brk,brk,open,read,11,,,,,
503,set_tid_address,exit_group,11,,,,,,,,
504,socket,connect,close,socket,11,,,,,,
505,stat,openat,read,close,openat,11,,,,,
506,stat,stat,stat,stat,stat,11,,,,,
507,stat,stat,stat,stat,stat,stat,stat,11,,,
508,sysinfo,futex,11,,,,,,,,
509,uname,sched_getaffinity,openat,11,,,,,,,
510,write,epoll_ctl,11,,,,,,,,
511,write,epoll_wait,11,,,,,,,,
512,write,pipe2,eventfd2,rt_sigprocmask,read,11,,,,,
513,write,pipe2,eventfd2,rt_sigprocmask,read,rt_sigprocmask,rt_sigaction,11,,,
514,write,pipe2,eventfd2,rt_sigprocmask,read,rt_sigprocmask,rt_sigaction,write,rt_sigprocmask,rt_sigprocmask,11.0
515,write,setsid,chdir,11,,,,,,,
516,write,write,write,write,write,write,write,11,,,
